"x","y"
-1.62486225981322,-1.1689149292576
-0.0124686847178338,-1.3233981115359
0.567968354823367,1.62219688323429
0.360154164681336,-0.00338010189377436
-1.30162353424409,-1.35952644604145
-0.830311615178061,0.00543077546892545
0.233249646819074,1.49511612670287
-0.90537447374613,-2.01135178661617
-1.1054059074246,-1.30831509487466
-0.182230173270088,0.237146069589981
0.959266884262738,0.528404545860484
-0.67498555511237,0.0841323809097946
-0.244895871988468,0.316726498216059
-1.23663393017396,-0.940048600375117
-1.86390202357515,-2.10106500637394
0.929014840921901,0.89719920234777
2.0429411438251,2.45641598730838
0.437113930553003,-0.850287609829242
0.350888419623879,0.962429000483155
-0.341467124534463,0.115256745416694
-1.00122022020934,-1.19237318318946
0.0868055601864139,-1.9756160454547
1.82301207829471,0.102123179862199
1.43279754514876,1.93209151734031
0.0311937683070934,1.15647428065573
-0.762743738512965,-1.3735282181186
1.00628323709545,0.521836439740008
0.531762019305561,1.63330047444096
-0.438162513493566,-0.577389435937205
-0.061074214507447,0.146395043787982
0.865640198040092,-0.0455268498828433
0.616965556216246,0.302929004955683
0.830492696603548,1.6888462598816
-0.333549895338874,-1.49722251305377
-1.65886165240932,-0.386386598336784
-0.870525520503051,0.0272710898953999
-1.75199181436912,-2.12985158281323
0.671599678475723,0.849998812731481
1.15457126613577,2.39407562060038
0.98775572837443,1.54903955823962
-0.443954065927962,-0.0189616457206784
0.0890920948537303,0.518952705652142
-0.662258014032811,-1.68189584909885
-1.01951934253883,-1.42690403705189
1.65941277157795,1.20876629347752
0.441178964688794,-0.0604920052898315
1.31341577524944,1.13656308961428
0.989856499769588,1.58705466006959
-0.16022045697941,0.520618932978409
-0.4052402049831,-1.68888847009055
0.815518189055738,-0.0650996890846233
-0.86107482247572,0.925646573758309
-0.988044522710934,-2.15306433216794
1.59718122189612,0.95419537976563
0.89178712979209,-0.293304711024684
0.845027117584363,-0.12565544861231
-1.03822210843706,-0.687529751993072
-0.0349471345094294,-1.45514520560495
0.933982972231925,1.23162803336091
-0.46143414308103,0.030048094215577
0.815803553255197,0.373244290799345
1.10891504135277,1.8337645634359
0.0280698045367642,0.312276283447034
0.491866514171701,0.202063494412319
-0.795539021090953,1.67477931837306
0.0882837318820183,1.54973853040154
-1.15561012085361,0.113966038397556
0.704056851957182,0.162447874501326
-1.37313394393887,-0.784596382335301
0.246133786904302,0.840447588895272
-0.144346691162505,0.864807238767589
-1.73508638264007,-1.93037262581603
0.218331759296833,1.30755068905609
2.06888524188788,4.48524236042526
0.866056130774637,1.72513376123314
0.55568114325689,1.10634279602497
1.05096739110734,0.498684284689378
2.15118994170557,2.93692111369745
1.69718911620385,2.00049507484043
1.30491364489231,1.68362061277901
0.166332853465838,0.27231200254337
0.315029664985841,0.601699602112154
3.07108468119271,5.1710456125993
0.0592813975789069,1.70107991820517
-1.28299568907162,-1.90061214800438
0.551222977910051,-0.447655892335199
-0.525931854250236,-0.900624477382181
0.927376416262443,0.73977183267243
0.0931899791881989,-0.263334523905921
-0.337606279891732,0.180206698941156
0.410995862930648,1.5184041744611
-0.310767177273865,0.148759872762188
1.09172986650601,2.84178206252725
0.344530510248124,2.59905779744088
0.266540663184041,-0.136840868336431
-0.469045926603659,-0.853996216363819
-0.495068250341657,-1.83485518258039
-0.412583087562751,0.716215437091188
2.59692340082626,2.73531991680192
1.40029991068023,4.05631533755126
0.377243163747685,-1.55112587468684
-0.869264651862192,-0.919246526226984
0.414166226381234,2.22936573860258
1.40608489903035,1.63224482496276
1.03357468618135,-0.0560176397922556
0.635160083075814,0.803845391667747
1.92308730066655,2.92708071041286
1.02783530354488,-1.20842630179822
-0.530062874622745,-1.18809397705262
0.380997626411388,0.909763539445246
-0.963426905482021,-0.725338137955805
-1.22671263644619,-0.987040864447911
-0.101063958805151,1.94054436263067
-0.577170342307286,-1.24072209930037
-0.301375398582857,-0.687618761283984
1.16781961089993,-0.0620960293569173
-1.46377758090082,-0.691630362115743
-0.222680062508555,-0.922780762994958
-0.82553121145713,0.411647579920943
0.54335435749171,-1.43310335455807
0.386222937804593,1.62219488971205
1.42407051888227,0.422565644724237
-0.970242433245587,-0.821602642754183
2.1567834576162,3.04279850865344
1.91341575904285,3.27008779980662
-0.300926904669546,-1.04403351410496
0.10284140828816,-0.221921587968641
-0.467740169646186,-1.7256554831124
-0.199298818587502,-0.547734971603889
-0.934096024997844,0.517245418115731
-1.11900959227792,-1.72775929242083
0.21071109904899,1.38905191622117
-1.00754759545561,-1.04441860690394
-0.407641211643936,-0.694634440315345
-0.615602557210224,-0.96169840779158
-1.05462440501094,-2.07636352427304
-0.54948997946893,0.386345875914427
-1.54878702849579,-3.10362342062182
0.651125187603659,-0.202765482625605
-0.24735562778609,-0.607763853636665
0.185517033327759,-2.07985418513366
-1.06660199193286,-0.137946886054646
0.797666193542025,1.0940406501916
0.189495913670455,-1.08171312393753
1.54345715397683,2.4523409352776
-0.531097708181622,-0.988296105001541
-0.882856323087486,-1.01098360925965
-0.0247988831419942,1.33211250916807
1.43657964731269,2.87207316091888
1.03676691280958,1.27075492098666
-1.92078034420847,-2.12869592598722
0.235793680762896,-0.758124237572843
0.849781109518842,1.3868600098684
-0.191076787380338,2.1625217849131
1.74886249791802,2.12467279896151
3.01752775205843,5.22693634795084
-2.09300814248094,-1.75197653559379
0.0714158587950239,0.381679102337807
-1.19985122863501,-0.082400780056918
-0.419063004352865,-1.55825743504744
-0.316094613541334,1.1923294896433
0.161692467196312,0.820767747269771
0.0622125741153567,1.09742203204353
0.574794586012805,0.0277791404890469
0.803823246598651,0.605543563843959
-0.360123446469347,-1.59989585213379
-1.15811842917419,-1.0242841684321
-0.47699774049422,0.378711252479998
0.964270447921022,-0.390661221584635
2.32041963896186,0.933619440065133
-1.71051289590718,-3.59295003478229
-0.839031477336544,-0.388416770142572
-0.55041487784893,-0.016602128929798
-0.596347479266645,-0.843737949692369
-0.0458576131274725,-0.207176236371558
-0.750839634420255,-0.898037057242731
0.032469855860522,0.262784791713489
0.672350339966755,2.18734849464882
-1.24021696153784,-0.76534828002726
-0.277717327236865,-0.781238960337752
0.230584204296456,-0.452259754223504
-0.70130861678284,-0.710218227262168
-1.08359464506271,-4.05998009875391
-0.894769590954899,-1.28472328244987
-0.696082713846123,-0.628800535260002
0.125291047484121,-0.616676775034696
1.29190457735761,1.24727922447695
0.235508430227065,-0.447795480975545
-0.538752740634532,-1.33814509437012
-0.430992463285275,-0.660491589772693
-0.535946954229196,-0.0228234852023308
0.0529088448959541,-0.422722499016115
0.750905094477276,0.505209702384002
0.620064670308125,-0.9947435641573
-0.441471216791077,-0.494977960076374
-0.713152238928345,-2.14514778900961
-0.638582605096978,-1.1334363541945
-0.0618994885721279,-0.496817096457029
0.171311082127231,1.08963874484658
1.8875772885539,2.77407720215052
-0.901926390086535,0.212196661284712
-0.00140010628697949,-1.06873832150485
0.00247126530624011,0.986014899815575
-0.98294685754628,-0.766705962303509
0.167058369686254,-0.0476168582129098
-0.284047985017684,0.887721927508358
-0.464868980595481,-0.135984889913939
0.966755504957399,2.31122117886193
-0.764714868776789,-1.40804252882389
0.735156360138554,1.62648479754434
0.176242769867022,-0.365211958216463
0.870329252970298,0.290019708674054
-0.382562541063188,-0.719176026849613
1.76181990987161,2.41728388725886
2.07164248162853,0.528116397639344
-1.12393701158729,-1.27400544121963
-0.218536911714056,-0.223818202581353
-1.71920674901006,-0.584580204105209
0.508218037833649,-0.26731583086692
0.874319766798477,0.861134690971795
0.189559321898938,0.923003002901555
-0.259459791038809,-0.933798222382747
-1.982277953138,-1.91514409434197
0.327462577500138,0.534609346205008
-0.441850098784958,-1.87512002588781
-0.00281576294927148,0.427923813438169
0.759487171390742,2.41229231450824
1.56720587310677,2.54121520269215
-1.58483800769425,-1.69506824424633
0.821232544020796,1.05208040015912
-0.251122417060285,0.0812367246708005
0.304463839506871,1.06877463464896
0.585836488773499,0.221767791198825
-0.297589415645073,-1.18194241375375
1.44978013311189,0.675716734175685
-0.565158620433664,1.45216619154027
-0.422345197803276,-1.39478772230185
-0.936841353634802,0.658490068461513
-0.429329464383773,-1.59815369334114
-1.12122653200054,-1.54160137777237
-0.0158866914972556,1.64770724188427
0.435745934569635,0.406363183048623
0.375496041020073,0.61853847391703
0.860638932330762,0.849828162407425
-1.15733396391199,-1.01345489435463
0.518837277371282,-0.74698267446507
0.329946200113937,-0.218959838835968
-0.751609566304665,0.84662849771617
0.0888514747662917,0.544688120001233
0.984446275988097,1.53842091840541
-0.0351748773468522,0.44962045288813
0.744845626094902,0.142050083286307
0.712114928031589,-0.584723615700497
0.3071474182441,0.562083067159812
0.844029191591085,2.08704222896737
0.377335678857942,1.12861951788529
-0.603946564081459,-0.411898061454313
-1.47459731015832,-0.258735249946889
0.145178904315963,-0.738222760673682
0.166726268144435,-0.574382522912012
-0.421998965237883,0.63256629698685
-1.32811469236133,1.15786255234194
-0.560116310595143,1.57126793352353
0.501055356065002,-0.780596590078161
0.51979302622821,0.134810995210209
-0.301477672495755,0.380317043806223
1.02608450079714,1.00159508726075
1.0080656053867,1.43891896361757
-1.07793171313217,-1.7306257068854
0.787339781181317,0.641829983764274
0.528369877355185,1.58030163082969
0.970663723584539,1.3903834709756
0.323046174894356,0.134941550946758
1.44970060870626,1.35045186668792
0.288354941158157,0.21746784971777
1.75081889059946,0.172643474239903
0.168250995762295,2.07714456528981
0.901814985522378,1.21241361056102
1.01248445783488,2.88703463725365
0.15042131708554,0.446703508332612
-0.293121498036488,-0.343708052742532
-0.373943636437147,0.0239795969055616
-1.54795811740417,-2.32208947108044
-0.165201887282002,0.827165451833279
0.574071733111064,0.771169035612517
1.13183916936794,1.89009845676935
0.914535522037259,2.0973800077892
-1.13441625029224,-1.12733464128144
1.66561054993063,1.64507408388162
-1.72395442935713,-0.216036493851201
0.954863308777753,1.8175476057525
0.798007890314522,-0.159552820266894
-0.441443536934068,-0.71061220346986
-1.92874434335159,-0.957280355472295
0.175139137487646,0.544627169636914
1.51284045728202,1.03625192434035
0.107424590929495,-0.797904031056686
0.487671416311643,3.76252881624033
-0.174291566782315,-0.487133638532078
0.881546490359876,1.82016696978386
0.776921093680283,1.34554845871003
-0.868933939001953,-1.23431346802467
-1.77572217376739,-0.525823225287113
0.197115347141803,-0.272085585765999
-0.239465668996965,0.648788726154644
-0.532689142946759,-1.90923714073898
-0.112988324556474,0.101224641532189
0.251853961180707,0.455199006395718
0.2485383022328,1.83296540795996
0.00749130493781509,0.669488106621706
0.661126706961636,-0.434905678227151
0.892552714341588,-0.273318531626248
-1.05828904749541,-2.41810726536258
-1.21509440199066,-2.81362810600962
0.140631176842529,0.454019973338192
0.593233740569592,0.581892747294308
0.0582078024722719,0.345251526302014
0.719967694856829,-1.42385645540379
1.25708823371947,1.81075703876346
-0.835308843477193,-2.05690757299879
-0.139331563077959,0.348940118193341
1.52043445466647,1.24642676473584
0.4250335505452,1.53605256965464
-0.2556572594341,1.75784397585994
0.670537807815555,1.03090257195012
0.124378848668442,0.329652883185216
1.52920184264364,2.45348892929144
0.593592037792943,0.606654867203461
0.34457129345209,0.972646262927943
0.392605692436782,0.13921478614609
0.0134889598831474,-1.24421287346216
0.24982037482035,0.373803789251115
1.76665493586957,3.41047208532423
-0.793129965228831,-0.660752392737639
-1.0432856428457,0.127418544908273
-0.431734011283451,-1.11779639631976
0.887213350555237,1.06434512901428
0.0952139325355412,-1.655885812004
-0.0710983341805091,-1.28462942035631
-0.475788748341644,0.214602573784326
-0.625442513106391,-0.932932323884707
1.76677629096474,1.71144109188433
0.776958653350348,-0.64585057727696
1.00809385518966,0.600146806554624
0.505381175233587,-0.00862219479859427
-2.77119847698909,-2.5483410299248
-1.58498487324033,-2.73224525853753
0.519439081337787,0.180333168813036
0.391812231446506,1.57235900839284
1.61910693947534,1.82942015679234
2.3384749044181,2.31132414331813
0.752367226697741,1.58023229114008
0.184083076375118,0.116604842909153
-0.957758051241796,-2.5746267453764
0.776197498325642,0.0890739164964631
0.531942566648476,1.11319946646599
0.320667729349417,0.0187835863693436
1.66523440778864,0.753794700371958
-0.60971124312415,-1.80852911145729
1.75386677561027,2.28709997358326
0.389868334622407,1.78652141405773
-0.0398068316252045,-1.14076718777891
1.06708100312524,2.24776672818587
-2.09921424551998,-0.116388750817646
1.6038710314695,2.01404360857263
-0.124401918445757,-1.70361522796814
0.526590663328673,0.684854164434077
0.407972576880018,-0.622766625211859
0.364319389138065,1.72016988846474
-0.318032437516801,-0.386348173367201
1.40184014290149,2.53754382241565
-0.00200618704867326,-1.23823868002916
0.430837736555921,-0.118888273877003
0.286813396674414,2.07844338120037
-2.7905819786421,-1.66692126594499
0.631324627414648,0.266261372241226
-0.66400001269312,-0.531392413661173
0.148135577745739,-0.755129318872518
-0.738520434585414,-1.02564670467591
1.44923484179526,1.49798323095113
-1.10041786282913,-1.36475744253955
0.923252781764586,1.8637243845633
-1.03201332693546,-2.3798183639949
1.64518950962149,2.44835490831773
-0.543271794701541,-1.99211767466585
0.841520901129899,0.189015088768674
0.745330621180358,-0.0960790954677648
0.792753179219163,0.526803275588673
-0.267620497132989,-0.305038482046445
2.62796736517006,0.984569077575654
-0.946434723292405,-1.50887827736284
0.336994957985113,-0.23435800376219
-1.27780812783678,-1.2217395900818
0.862044078751867,-1.03275825881065
0.700005195009346,0.812995268669065
-0.775591179736997,-1.09636060517115
-0.360892684346789,0.0190854417462235
-0.282782505994172,-1.9571917170294
-0.537361930628783,-3.40959180921136
-1.66492271135194,0.908865543894814
-0.794078280491189,-1.2542589198991
0.167674880340935,-0.326910377446159
-0.89197656152475,-1.81473434755862
0.134751340991692,0.701107640678031
-0.438738295536571,-1.02317968922324
0.287748329742431,-0.105692609851025
-0.463255573628727,-0.734828898560268
0.0889147960124794,-0.603463217813564
0.673619821913401,0.625569339127118
1.09938838128705,-0.438881669379201
0.0638506708009576,0.320094244236938
1.44834970505037,2.46513693278033
0.156126130697514,-0.718165054857936
-1.04445339705141,-0.0107656548910031
0.420424432927578,-0.100221174545123
-0.711101612396714,-0.779610202876077
-0.314377749484757,0.284811228292016
-0.311924659103269,-0.634782990982879
-0.317441154600647,0.222613371678455
-1.59047230141338,-0.647297273801889
0.0574164507693797,0.44794062261605
0.435605687107287,0.245986224669896
0.267049608130374,-0.704687799120016
0.596238322546136,0.663686019274519
-0.11324698699897,0.698127876836851
-1.22496846179983,-0.952066023910971
0.398576469643928,1.7532073610096
0.985451278951642,2.41749985976702
1.15594568138857,-0.222191749975185
-0.48807661929261,1.69587114360638
-1.68382593440934,-1.80682821025498
1.45577394141978,0.418813916356561
1.09294432159003,-0.308827115578685
0.743464320021202,0.369255634333125
0.103758795852332,-0.85269720028387
-1.25510974964512,-1.6968365434102
0.84084776203135,1.71498457726376
-0.32917095819038,-1.12267549221564
0.736907874629101,-0.178618937805669
-0.475745443615238,-1.16375306429054
-1.53012440198206,-2.69541778701608
1.15091045326322,-0.547218144373345
1.42379742687142,-0.926233994482644
-0.854303081256916,-1.64315698912089
-0.779038885603804,-1.16404573887398
-0.1533387111577,1.21360073475902
0.626360448492123,-0.736125314101713
0.383620333665403,1.66067976171334
0.721335055036854,-0.482162773380459
-1.43044738932513,-2.9091418253098
1.59185241230118,1.56073538905159
1.06688474232642,2.33358028835447
-1.42383540879896,-0.124299785303361
-0.974419387590284,-2.06147083661141
0.0997043546315627,-1.4920541973028
-0.40151409723807,-0.927129713647754
-0.0507722610049146,-0.793616149490414
-0.792993686138365,-1.9935551210805
-0.86614067606032,-2.11540232640216
1.905157227912,0.470970393440549
1.52023718021213,0.702457999007189
-2.03317919592208,-3.1627890610675
-0.90670744548182,-0.702593936893067
0.593610622409028,-0.581877986808422
0.51959478668433,-1.09089197900147
-0.932346385027059,-1.84452220857409
-0.108300441546622,-0.221332965637171
-0.20667865032281,-2.21066440768315
1.53065908548821,1.19299861223434
0.253307693939307,1.57619476520789
-1.75965362489614,-0.426220663775691
0.818170926582354,2.29902772450491
0.779905905770157,0.698838451279316
-0.0498091095071071,-0.423861748988215
0.453621039068977,-0.882589665540996
-0.535410869982017,-0.155301028768089
-1.90794488461423,-2.51508058616679
-0.0309683406784461,-1.33406764695976
-0.53949551579469,-0.541275731543284
2.27795187579676,1.44857249228861
-2.00218997424441,-4.08959362872608
2.00865823547479,3.300046644845
-1.86971622456739,-1.35454394054149
-0.570302387669116,-0.916731632920559
-0.0900546556066196,-0.123686458194061
0.747788661212279,0.198222579690409
1.8199650875459,1.67403852497526
-0.143353634006137,-0.817429765261925
0.583296993753961,0.484792363387326
0.729084074866516,-0.915329119263686
0.41271985023573,-0.156207808161976
-0.774673052102403,-1.11577455937069
1.0382085149984,1.22739264922599
0.055244847888001,-1.68362525032085
0.135335183193081,-0.108784388771659
-1.78229831903467,-2.71870959891755
0.961051565683793,0.306931474680238
1.27771180757782,1.37838982346014
0.0524941166348237,-0.00348994820773293
1.08927880601871,0.639978183026238
-0.656371322996917,0.209384531050788
0.72519956549009,1.67908985928208
0.707228158963444,2.13875988130094
0.443328745175003,-0.956011808483039
-0.639955690126567,0.594914731775466
0.0356766652919252,1.53534294600072
-1.29702883393073,-0.826391407140122
0.298090310541264,1.869645154684
-0.184582469796571,-0.32970657974884
-0.974580039851415,-0.405422245042379
0.30858607991532,0.429714535737332
1.19793897716519,2.52572308967079
1.16048653296282,1.21135569437605
1.04119212067346,0.760721186458692
-1.16469192242279,-3.06206267798732
-0.0887370966477375,-1.80382704898804
1.60757877372173,2.05653308695379
-0.7221566550652,0.0673958674009013
0.108309426963906,-0.229308296635863
-0.078791893941206,0.882986586521348
-1.20263376190406,0.121497981238964
-2.2758646951361,-0.998672556858491
-1.63845823714028,-0.934868049007291
0.758130527954489,1.87068991505432
0.378698062166232,-0.421305868703845
0.377063322783051,0.633269615843553
1.17209192640811,1.18211507286937
-1.74038200764808,-0.640903516094372
-0.181956011362455,0.177761851818615
0.738384159921058,1.65196024339328
0.894899043115904,0.117435596709736
0.587694584131338,0.44767513023425
-0.583233205572105,0.0161866891828648
1.08504394767928,1.13834754816367
-0.239936060537826,0.250162393131355
-0.0368142761880473,1.44497587416639
0.158404498222602,0.580987071928058
-0.30412277091987,1.15804840469771
0.933002600045561,1.1459476082752
1.14188167476142,0.831180819986112
0.764562353308977,0.306457459410997
-0.802853880585322,-1.03933922280206
2.0111487441598,1.36840154338035
-0.254426363348106,-0.0764581186536868
0.680340957074441,0.564263738021942
-0.575095865235877,-0.639824421590099
0.426149949917069,2.13619335068627
0.688034520550148,1.72290917959698
-1.4509884945899,-2.26408950485709
0.39902210774577,1.94004780379736
1.52455526452479,1.75877471223169
0.483275049861963,0.709609909932857
-0.268501412966547,-0.467445589046597
1.94320357980378,3.49356022136594
-0.0496043554955643,-1.11759809133091
-0.813277541925221,-1.13137366488703
-1.11408392498651,-1.13679294742745
-1.20990253891099,-1.72524653593912
0.802882160848069,1.32379188484052
-1.31470985441935,-0.690312077802703
0.27983885315693,1.29779099604727
0.21438858664965,-0.511111927783319
0.277943230120095,-1.31618263059802
1.62965437053548,0.522683704461497
0.452781601606701,0.904987212789503
-0.0602156003615072,1.21463993624577
1.17405907572665,2.66929497361097
0.815052382299506,-0.222445232476345
0.880713962849811,1.39054416835683
-0.228957326767497,-1.02410309739248
-0.677437708029741,-0.621471649785685
-0.262898050239422,0.844313676063907
1.08975239170825,2.96053475810685
0.456247317304583,-0.586549004202756
0.0908680509219204,-0.0292166743081041
0.0215896739926452,-0.612835239975527
0.36320317400467,-0.221436192252112
-0.104441011146032,-0.347112898871955
-0.175627981183699,-1.27298962055867
1.82842009191504,1.17060911422412
0.94161959321213,0.288912615539353
0.172857644120086,1.28664946668433
0.515521430148964,0.93748086599765
-1.27969863830099,-0.438462385144404
1.81435037861631,2.76953751000904
-0.817846041143225,-1.06730670207995
-1.66156291628853,-2.81453842455202
-0.0340480848694999,-0.680895918162448
0.995317515013302,0.122827754529102
1.70847380482869,3.64139259882952
-1.08642845541131,-1.01216890439311
0.391874623650401,0.155180648683667
-0.532168307574957,-0.645383226538755
0.129377789362003,-1.32257063895915
-0.190421311287819,-0.430344265535874
0.0892145479809272,1.38696923972237
-0.968079009362235,-1.969848585024
2.04296582151336,4.35836802239328
0.0487472898422142,-0.376783709441333
-0.664105585980752,1.38584677924991
-2.11956243439764,-1.92179122339421
-0.441082081542662,0.356436829430666
1.03722619068902,1.15926727032884
1.66790995614752,1.6821354738634
-0.741413073860938,1.21524459365736
1.07961945509746,1.5564889793982
-0.613961261844658,-0.0882159137810804
0.619179239312187,2.0307703842448
-0.0910407923914007,0.404717501167399
0.510083605418775,2.11623313274063
0.852276985637377,0.558490932365365
0.164664010590185,0.00072437657578267
1.10008194065489,-0.333147066051917
0.582960680188862,0.515740424687655
0.126985386682242,1.65203879434133
-1.15951202633405,-1.85209931099403
0.508573976409483,0.0496872119850801
-2.58219478219551,-3.8572479775808
0.255875983332606,1.23548865966895
0.90273770787623,0.597442825809834
-1.81229792580769,0.314056154802489
0.285773828140675,2.49475718830444
0.918269706228332,-0.350131893524081
-1.45679178675578,-2.23491161105304
-1.91336325764697,-1.51678242001049
-0.0247109281399716,-0.52243766346516
-0.318480405898146,-2.59331733999757
-0.541942319428341,-0.350628054401401
-1.40880054236048,-2.19117592465552
-0.807382437927142,-0.743943957231929
-0.364039667571053,-0.146064069485461
-1.63760653871729,-0.937510259298544
0.0412285957063317,-1.25300280334775
0.0851627871638818,0.493034061544583
0.0144511829593296,1.23284298367891
0.0702945826539984,2.11435103740027
-0.291236518973902,-1.92065585787108
-1.429978028601,-1.12207175618889
-0.67454433271192,0.498278899769949
-0.736454810742679,-0.95827834751838
1.44164261637574,2.14684707991483
0.568816454320481,0.319422108388892
0.299683567058902,1.20402376058781
-0.985409958480542,0.277794648420416
-2.23148093524809,-1.25305134931082
-1.52134624089228,-0.655755892203573
2.26136916679318,1.8977613051292
-0.126913827876149,-0.622638885346772
0.223246557486194,-0.640056149636543
-1.98551847256911,-2.78372298508243
0.412960456871848,-0.0614658688335831
-2.09761424517817,-1.39273036866737
-0.756234789526025,-1.26560283772215
1.22547609974893,0.183225279162574
0.826561384139807,0.124000467710343
-0.801126464619014,-0.191539053532353
1.37716398799956,1.42444547677906
-0.1168785232405,-0.128461045604724
0.836804009161689,0.525264190927725
1.25659895094476,2.38656546517591
0.788010102599876,0.00970190248631142
2.18331933395997,1.73387384048727
0.433052231910846,-0.891796144733838
-0.679690619954159,-0.380155115473063
-0.262279453158578,-1.2155164418764
0.33242116076275,0.344422754273859
0.936807206944965,-0.615672657819267
0.590864288909236,-0.621886233159639
-0.387388505493715,-1.57447283297594
1.27248288000802,0.0586842264917018
0.344709654381037,0.690789803955965
-0.217957348193202,0.751644197454349
-0.17397527967501,1.65421977123995
-0.590977595235507,-0.286232139899139
-0.0968262495268993,-1.27399026761141
-0.659042897010517,-0.172829028058087
1.22921876231017,0.265052886775077
-0.371667910572727,2.81024508140544
-1.33691838146573,-1.2853976103199
-1.44657488581424,-0.796716180410086
0.425400432135369,2.25305836778579
-0.35449361862337,-1.16841564550674
-1.12152570537995,-1.17486188003313
0.847472471535096,1.68976710355768
-0.328064633349238,-1.61984814973735
-0.44510289008979,-1.17493380531161
0.544495702521366,0.441004269953586
0.66004724743631,2.49305261522941
-0.483153217738766,0.404728590877353
-0.756327206124679,-0.358996885359732
1.30173846814699,1.66902089424563
1.22280402673194,-0.322202165746041
1.1056684336604,0.418504496311547
-0.339492373496601,-1.23528971418894
0.608364566444352,-0.911467305075432
-0.565719781815902,0.210181227022696
3.37989036771841,4.59573443462054
0.230884510356948,-0.743011984567242
0.352113610445488,0.814356953493434
-0.562784019319642,0.22200897902125
-0.131326105158582,0.163144328849495
-0.581444936569175,1.82021685952857
-0.855671181128012,-0.310065273050727
-1.08653797431721,-1.35830729260404
-1.16572146861767,-1.95097229883599
0.224241281042265,-0.358162266543638
0.613880442275957,-0.125446155354932
2.3516410923597,3.18748368056495
0.665103364634027,-1.10875611517149
0.353342870245044,0.0975152161061447
0.445431800741189,-0.0635864478198095
1.5046940771785,3.84981721501688
0.238670547727634,0.392291446741229
0.56249944868703,0.253139041749274
0.390225934258989,1.27409087053313
0.823116996061383,1.49404537615821
-0.823181479568821,0.366460526886735
-0.292775406658092,-0.923733684765797
-1.56179620655611,-3.03870432734388
-1.5930602058205,-0.0880862322733496
0.227299571370818,-0.0685391757500033
0.39573287173475,0.691536936519514
-0.374881634424344,-0.813941829104937
1.09136736757675,0.8628053079938
-0.302628320977561,-1.76021802469869
0.246828527558782,0.664993263567989
1.51387016429785,2.42766715410958
0.535854780814969,-0.731489830875566
-0.423871756543037,-1.65086890888184
0.0696088220272381,-0.169335947957636
-1.52179777650535,-0.773544501948069
-0.264117025688974,-2.1959593625586
0.422679573260089,-0.189994589892696
-0.682722507004796,0.147274683126201
-1.03021753455652,-1.1612598107058
-0.990077072196367,-0.140496655301212
0.0542994519111396,-0.260324886939305
0.169874811710008,0.159733403793423
0.102436506215205,-0.687673060467466
-1.18423317265381,-1.23878130840418
-1.46553958053688,-1.2806450303
0.566647930154392,1.57221980266986
1.39124397643612,2.13330668000466
0.548373923477135,0.699790462279255
0.655700836504429,2.34082548010181
-0.924825721942296,0.66709046946543
-0.0330975314052423,-0.402226634285387
-0.813772789249328,-1.80371503657635
-0.60886204306284,0.934997474964503
-0.666593889441955,-0.0263231354767915
0.193981186827354,0.30804968888953
0.152395022097134,0.232615581149364
0.460699790831128,0.806723076562056
0.990841149622775,-0.653410636337443
-2.04282516790921,-2.36992234948544
0.478628226288401,0.750981520710303
-1.49213179720483,-0.909745031294471
-1.04896194526609,-0.831472181385957
-1.578479366951,-2.52552121728836
0.0330806274380908,1.91404653225453
0.290739294729072,1.83895023451495
-0.149313810756715,-0.118109771232364
-0.429414433978304,-2.14472589647138
-0.914046470003626,-1.10305097503543
1.23225283804637,0.143817794663251
0.666931597629918,-1.16011282585008
-0.224625597069686,-0.303833550410368
-0.947197043599495,-1.27492729359898
0.0147142582225535,-0.395118276856462
-1.56644397346674,-1.62281819910099
0.0166981650713228,-0.579800112599954
0.270755251865064,0.578029233389358
0.752181001083732,0.197499014298078
-0.581846667778706,0.109886811036166
-0.408948297318154,-1.51734038907485
0.440965863762971,0.583821845448624
0.405587566233588,-0.600854327233154
1.98250934825072,-0.633212191717101
-0.380239186369763,-0.33429891597713
0.924754872576727,0.228772714002176
0.649770453223644,1.29825996409943
-1.42498065629956,-0.776635115787189
0.495887186539577,0.0341332829333486
0.0286519275735063,-0.352703753626462
-0.0324142777573275,-1.51374672249963
-0.00017681975317103,0.526352499384663
1.11480122482252,-0.796910399626386
-0.326447289328132,0.229326024911377
0.557502807632,0.775453733874734
-0.275711306810534,0.598142394135399
-1.27059408914985,-2.08249871417654
0.064091539795478,-0.462207688621832
0.0847902244507374,-0.305370257683819
-0.98749642614328,-1.04905825437081
0.94458819211996,0.896810956721474
-0.617370844457382,-0.766134484711119
0.183737389959434,0.836813772234484
-0.723011683639347,-1.17074281565842
1.40053236305631,1.60522526159618
-0.749234785486502,-1.76774352536829
2.19203820777434,4.56988617511165
0.235846449012928,1.80059179328632
-0.605096467377064,1.29942605887467
-1.57264811740971,-0.680403147920154
1.14792876677966,1.77331331056122
0.139715332254083,-1.57862548443166
-0.511455273665591,-0.487407553115125
0.340503075030902,0.194869156788645
-1.19127568293683,0.0601678645404222
0.328769037326797,0.153096181371905
-0.902855259161336,-1.54351612023388
0.969450527007315,1.01820414293122
2.4619826055957,2.29535982252589
-1.34700728749095,-3.13816657345017
0.625221952930926,0.847784611431538
-0.33501117892638,-1.08800667708003
0.120456442875634,-0.584604153745858
-1.01629811566284,0.185390773826211
0.443039903798562,2.25813388243675
0.995852881339793,0.69488420636275
0.565045833234017,0.764966119593615
-0.951635697370226,-1.33121735491349
-0.174567640576739,-0.29280535551181
-2.18404345425567,-2.7916252290792
-0.541369983739634,-0.0349546545123687
0.1707068446815,-0.14724602054725
-0.512781615218777,-0.851102598948184
0.44980281430091,0.229654877925532
0.42731777039368,-0.217286372897956
0.967480225515247,0.200480476085608
-0.693105904739571,0.812770836272984
0.188950248755105,0.968685320726639
0.379940411922323,-0.400497153988633
-0.120225256131564,1.80377332177255
0.999280298787395,2.30797930030545
-0.309681802585695,-1.5994815000937
0.39285138670155,-1.11816840386553
-0.637572556802859,-1.48137844563127
0.0123046194477004,-0.648934887569519
0.196454394828195,1.17618220257839
-0.148461463954429,0.835162274347392
1.33831958309842,4.23963561655597
-1.00154787684012,-0.733044103167265
0.571140034881071,0.80543099558774
2.01890364286059,3.18787643080725
0.509753878792533,1.41833116722292
-1.3622895121886,-1.43251228441085
-0.221359775507865,-0.288824495914412
-0.10523727955818,0.25105811394917
-0.694149795073312,-0.236218200307038
-2.52030419412378,-1.31718723209361
1.61127565423158,1.11546927242729
0.669764246845727,1.5812336245532
-1.19314372463364,-0.797608360268621
-0.00253234082792397,0.00782189926887277
1.3349198794969,3.11480322309627
-0.756993174722458,-0.479307502613444
0.273404846338233,1.24017043080138
0.268714983905522,1.40960688766862
1.46758205087871,2.78731788264021
0.649576789317348,1.40543236033547
-0.190734815797279,-0.640105324246036
-0.948087007020602,0.115018428470224
0.175322449018892,0.916872031681767
-0.971136271686477,-2.3543615680918
-1.67584399744459,-2.9281380428388
0.311966071178654,-0.707478646949098
0.549711071989843,0.348905628112426
2.21810458778365,4.0098426928895
1.04853452798179,1.60052174787647
1.05081161651071,1.69013556875369
0.838379950520107,1.36320923483759
-0.351548611716211,-1.27387373005677
-1.50035675118124,-2.51545869781394
0.811914045860793,1.02567332157439
0.521882828449416,1.547942273026
-0.924542520760109,-2.13061900954275
0.555556514080398,0.862743142882722
-0.739254727279377,-1.84432602723397
1.01039463447129,1.16554098055565
0.172668138585616,0.0980416035170833
-1.81159231737782,-0.385488202983251
-0.612722584636904,-0.113344093501063
-0.343089096185891,0.380663107288325
-0.815430801176714,-1.20783677682933
-1.9129059102345,-2.20327889018991
-0.310203989214112,0.550634425360946
-0.850248973112956,0.938292012837751
-0.763787861494932,-1.04802801128673
0.850383145870324,0.67185017844725
0.0630714469564245,-0.262433508378657
0.561141472048335,-0.423456072178232
0.90715086676409,0.293318825581828
-1.54387163241559,0.626971777747765
-0.661457147456018,-0.582789829620903
-0.33286825892124,-0.538701635067074
-0.261962550543434,-0.842258163873601
-1.17000685311151,-2.28096713146894
1.66221715782769,0.199088975467267
-1.07296742167648,-1.37713570781268
0.244088710863671,0.597432825145023
-1.23560667133899,-2.23658366735151
0.519419673216901,1.08095845742075
1.14046000812074,0.106285424215401
0.0871234256934707,2.49206549446054
0.438610495682143,1.66326984993684
2.28033290609082,1.36918354864116
0.204714491246476,0.041379928122586
-0.637032745513256,-2.02547201384204
0.922301438440779,0.718535645378666
1.55740780595069,0.971308359443408
-0.971088340570656,-1.13726601805459
1.52776660060131,0.534309383815219
1.03576538779961,1.86482298116921
-0.440676110360505,-0.114149915627963
-0.877702077168138,-0.347471201112601
0.762776946496393,-1.34141393620868
0.844288543694273,1.62052703984804
1.47433774099041,2.61131707452881
-1.01994335706662,-2.05760966376288
-0.722911586452915,-0.868870708148777
-2.61461037379902,-2.8130988908276
-0.516409427876063,-0.662663019194516
0.66229622587243,1.76630668464147
-0.497543012125343,-0.0777988341946944
-0.554578207738981,0.685036520668753
0.904790733223645,0.138839584091699
0.195546478348137,0.573967422093947
0.718315239751974,0.124390491734053
0.666818483194706,2.89103336043609
-0.762673652226907,-1.65850654858227
-0.669609812895043,1.06024007258713
0.751451555050912,0.321740853894121
-1.48088639189812,-1.9988022166163
-0.637412376171709,0.0115635674021226
-0.684873083360012,-1.50330302426471
1.0893649643042,0.468081089933433
2.63565668746226,3.98754428612124
-0.0333856809099362,1.3982345354224
0.0809723183905424,0.244475992404783
-1.4437258952302,-1.27977034101622
1.69815454555495,0.85918042731199
-0.534720375571611,0.820940630352759
-0.171855778963049,-0.0427377519207908
-0.40812754497676,-0.762232013695675
0.136988133140677,0.449879902860601
-0.416954465824813,-0.616601754465109
-1.32228593221153,-0.660254282274136
0.189619077607195,0.295248515629785
-0.534484861152001,-1.55443293996747
0.667995847802028,0.941429144222225
0.45600679359228,0.413311086747369
-0.798443923776219,-0.847002828407437
0.677903750666957,0.96244917634448
0.0439961032665691,1.70150055955613
-1.52959115779708,-3.15923202489861
1.04657704570099,-0.0452261610344111
0.390001255047192,0.876925407487158
0.619351914112221,-0.781804763705259
2.00891218851231,2.89837676737572
-0.573928387649989,-2.30249235131259
0.423676502796424,1.41596344445667
0.743803020808403,1.35496864160389
1.35891447991357,-0.148375547691849
-0.783774677062555,-3.34435527789775
-0.654542177979797,-0.249376919491168
0.310781496581064,1.01415450504832
0.49778842054,0.263911086094052
1.44683502799704,2.62265359023103
-1.0533715612629,0.39848360059211
1.65173390333294,0.547124462829995
-0.962154499595244,0.413029310656173
0.279304889325776,-0.0214519263803999
0.322465404199579,0.894462986606817
-1.61874265251784,-2.1910774436881
0.277895837242569,-0.741272498865685
-1.87937725929263,-1.66900134018661
0.611584516050646,-1.43353695242861
-0.893508240057296,0.0406114519585119
-1.1274274357133,-0.234999799248935
-0.0711487115812794,0.521434436223015
0.231258527571827,0.706833194589635
0.562730582791033,0.555959901178858
-0.308264192526362,-0.0943825936691775
-0.772368628868948,0.195571004611242
-0.418270736749016,-1.0745565678146
0.0284760313934713,0.0487379484661901
-1.02557545480107,-2.62823969964122
0.487806746400638,0.738724480979503
1.26252185709858,1.96730729732794
1.17552530209135,0.00565187274635259
-0.318588570550515,-0.771878872144783
0.726516196352596,1.77504666254936
0.881291544138791,0.0567806080365872
-1.05608506663217,0.405519270059963
-0.0945622656152859,0.119173697037892
0.528718480012115,0.105851056046828
-0.312700817537658,0.847857072584801
0.327284292132063,0.984141064785779
-1.61034739038693,-0.210829068307251
0.409790889302934,0.532778121015026
1.67772067149496,1.38664869598972
-0.453253567033446,-0.905308666982257
-0.34022212135812,-0.814433974930845
-0.685211260704597,-2.67033660827455
-0.73185237173832,-1.3077449246148
1.99661006819417,1.21771913086604
-1.45474251332814,-2.40160552182845
-0.367703002083608,-0.72971095837627
-0.375013833010526,-0.969981350052477
-1.81855101287336,-1.02700784888545
-1.18664605553131,-0.555293741880869
-0.0354135560598715,-1.44178473955299
-0.992969429587024,0.129166135121252
-2.31888973118624,-2.39470472553579
1.11127708075953,0.995797223183942
-1.03895955192689,-2.90656715231462
0.695236573052849,1.36668740452272
0.571295439772867,0.0973471225053686
-0.784914083060356,0.584035954212079
-0.0761961706288992,-3.1368673920142
-0.515090373422408,-0.610560367795955
-0.0279435479344891,0.940550527281646
0.437562543646362,-0.843631535970985
1.58532985127726,-0.664771410354613
-0.650372017816166,0.865602912972437
-0.0616839136664201,0.420960612947051
-0.213381362725771,-1.48585303825854
-1.16875424523452,0.152980724391853
0.209853144509117,0.031830192464678
0.663098737739519,0.417133494139489
0.0859708148291165,-0.59702777494159
-1.2382214353089,-0.358541532392212
1.71222916176783,0.9740704951847
1.29910172224418,1.49372251017186
0.743226527800535,-0.214730709837619
-0.366945153174849,-0.0397401625923332
0.891282292076032,1.66185320194303
-0.947487296710552,-1.46581631610653
-0.379729758552055,-1.31734231570701
0.475491908285102,1.32056064378266
0.534988180462056,1.12174671131667
-0.806623748152005,-1.44173456949014
-1.80830856524991,-0.317619415573313
0.218459308239043,0.991224701894775
-0.656787414959396,0.325274790134689
0.695841183297963,-0.775729443972812
0.00679326457289806,-0.327355179269133
0.987578947299067,1.10546281535159
0.966654315546626,-0.0714051567336632
1.21413864154234,-1.0185472907198
0.887653946132222,0.0960339212309114
-0.578816226461128,-1.20034243384019
0.166313042594699,-2.19691597504481
-1.05926766950621,-1.05455388520386
0.550795158481825,2.78838548146889
-0.466944381362479,-0.465511041113437
1.32611843769604,-1.16928206789435
-0.00376996110791313,0.479905192231491
-0.132429161791927,0.846877368257894
0.401104075494855,-0.262479714682625
1.1959575958864,2.75124711204666
0.391515425569755,-0.373322992329824
0.163450471996525,0.650036610978247
-0.650237765086734,-0.486482662174709
2.25279970576473,2.46698146023954
-0.0143187478620702,-1.19946367417805
-1.51949384893014,-0.477826493470897
-0.578543379814145,-0.0209193539784812
-1.90332037440622,-1.21464107901257
-0.598597441117026,-0.562894779254401
0.589479689477864,0.636759407176729
1.3350802459929,1.40213043686817
0.460315173073988,0.314037490528139
1.44846957992205,1.8506026328199
1.41965531060689,0.621077515981055
0.613825618506727,-0.581459022370473
0.264805033382754,-0.0185983056187933
-0.804377336503785,-0.278798506447013
0.129134756821895,-0.174624067634834
-1.52488684972924,-1.44802368783669
-0.282115876392937,-1.15787024916142
0.387477535898116,-0.0640992819258738
-0.645707145170468,-1.59951304949188
1.0813096932874,1.62304074736182
-0.965713420565435,-0.200795686083143
-0.920603948309157,-1.7439062401623
1.22906373952943,0.630123660996084
-0.873624916857019,-0.980937604397432
0.399964567144836,-0.591989366806889
-0.0864645070631372,-3.00299133938093
-1.10619175586117,-1.29410940457178
-1.44312191820914,-2.82288192154112
0.606233966116386,-0.92434731389339
0.0254599082401727,-0.535377216747836
-1.19711441910056,-0.199403816461442
1.3829370715982,1.61052460129533
1.2292265040658,0.774756652051234
-1.87574930775908,0.275339069233861
2.05028376850783,2.67751109864508
-0.245710787525335,-0.758719712865775
-2.34136225921214,0.105056048423736
0.388172337038256,1.57615649684386
-1.15100806079368,0.439885690702108
-1.25195488508463,-1.21123690233024
-1.65271454278476,-1.16333620931909
-2.47236472780413,-2.05380508382354
0.146360145458623,1.64491184320983
-1.00476063367169,-1.7179104252971
-0.246373668808321,0.203535954655024
1.0159872329513,0.882912654192065
1.08985437149937,1.30212165446545
2.32869570159184,1.33634484461399
-1.80514086905031,-3.17276538451422
1.34342641989823,2.06590974035819
1.10367397796938,1.32568734978659
1.11407401618892,0.894335391235172
-0.669207112843344,0.90913180483556
-0.164266442919106,1.07028227656378
1.6080102939778,-0.177642841216284
1.1834322021581,0.853384172249204
0.327225393899865,1.67096521221217
0.268430907473986,1.02987471598866
0.891295947057602,-0.221095209657647
0.116481769791673,-1.29208278152931
0.0186549279204045,-2.41142661259622
1.067220305061,2.09119265858975
-0.853738859116702,-0.267433561262913
0.121166418215178,0.434649037100973
-0.138568733096058,-0.709512001581601
-1.74635158614734,-1.4634685402959
0.33475555840061,0.0303670707563404
-0.385666274807172,1.09475781742785
0.628516593005614,0.0930938558504807
1.16124115068655,1.98234377218759
0.65140913226262,-0.598381738817526
-0.175206265365113,1.8908220741816
-0.379462766251701,0.584934943959288
-0.712242106893566,-0.844503307855215
0.41950042623073,0.735368236732268
0.773837779148391,2.74544969730652
0.972187009529776,3.51932487392663
-0.12446049004834,0.170393102252716
-0.228096050893833,0.63820885720532
0.995988023289399,1.57236151603258
-1.86028907428174,-1.37776447974587
0.861905454041882,-0.205729481421683
0.113579907110838,-0.395547169533559
0.161965066843318,0.638297773705553
-0.263232776353817,-1.38875370679032
-1.35811282532255,-0.289954797176978
0.399475534590367,1.32443107507676
1.73723335462254,1.520500915774
0.918195079589589,1.18510359789169
0.836876108315068,-1.17727407465887
-0.137479134435536,-0.844992017895421
-0.501877881867313,-0.661060222554562
-0.930182324441233,-0.0736299010097515
-0.101063537378244,0.067094934021644
0.308952454095381,-0.380785492806902
0.240541424230736,-0.797847783742142
1.86757769328319,2.04167829401876
-0.946646673516695,-1.36367717058376
-0.009609399733402,1.58345499318023
-0.00767038154704461,-2.23574204806066
0.0788145852588993,-0.689047208258908
-0.710647653269041,-0.269068293575958
-0.302661253189511,0.161954513355671
0.401088676460136,-0.247684146945463
0.632062815402468,0.730477444488726
0.168407440230652,1.64196984238141
-0.426702938807688,-0.461901633352196
0.641454553748262,1.25187225202286
0.351308728350303,2.55335245790366
-1.10834703562237,-3.01919863240902
0.363664427975144,1.98412480534249
-0.140756487619037,-0.887620393216838
-1.5963135840353,0.612887867989175
0.178479701085093,1.62225045153565
0.543858499233245,-0.686883730507322
-1.39476440498466,-1.51552850739364
0.106903036885506,-1.09870517923293
1.48351464362486,1.85662381513913
-0.464837326753015,-1.9006179838139
-0.159726438509336,2.66319581539409
0.468745033987923,0.241598766897753
-0.0725766963013926,-2.23932780056683
-0.952362095604979,-0.642395306528871
1.04220864751435,0.609037475807341
-0.601349551530762,-1.52124412714402
0.20754671623392,-0.350132954408821
-0.243651036449324,-0.589702614706324
-1.09531617681272,0.392498046808988
0.0784722204695631,0.27767226567927
-0.519422209978113,1.47677021829823
-1.19947123922494,-1.4653509281264
0.323391097719225,-0.965230314982176
-0.868838685938974,0.163118054403533
-0.0645828789127689,0.0220782010251195
0.103610784077911,-0.919654806975621
-1.88817356822316,-1.78710471866929
-0.651325027430286,0.0539572656250641
-0.305471483439272,-0.759356737315742
-0.719708554194903,1.28899169687836
1.53721179265615,1.61699420498181
-0.116815356011169,-0.547432817285984
1.13952741868097,1.76167774903137
0.654894229944725,-1.37182912107648
-0.46962024512646,-0.156347684463725
2.00638242909577,1.88602629775899
-0.660919482259342,-0.87950029242684
0.917537060441393,0.627578190985612
0.630542431103026,-0.0207372052967
0.688259745523973,-0.317299441096846
0.203041151177625,0.744449973179132
0.260335818295909,2.39292450269323
-1.61456055968726,-2.23038612027125
0.326290758447258,-0.817306048812305
-0.740667295784895,-0.122192160640537
0.776334116667351,-0.709175744441799
1.45614015127918,2.55674486845766
1.49978605061561,1.24918580752744
0.617649830923389,1.78681729858329
-1.80985542178054,-2.20002685038512
-1.31096034822083,-0.380988221702911
1.70991249111565,2.1051919637132
-0.241506228809096,-0.39681870084702
1.47036134664859,2.19028719758626
-0.86142017995116,-2.77275939000881
0.159456046328508,1.36149028672336
1.01369318411187,0.944638947663032
0.0987785192611235,1.82472538358055
0.943213398762792,2.83863354825748
0.141283816903677,0.34602042929806
-0.734740952487788,-0.505098108345646
0.286898743262226,0.87119132736328
-1.9073961269601,-2.35159894953325
0.75358923834952,-0.104867524433143
0.116861246932751,0.423962205680641
-1.57113578389085,-0.690176480421353
-0.15406317869375,-1.26479423109039
-0.178058218283121,1.22369453469723
1.74375246257677,1.80395620325556
2.38465227160504,3.45166480648924
-0.816130783999436,-2.09745466946834
-0.0671796793630326,0.0348029478691439
-1.07397923966251,-1.79361489259388
-1.76774024457983,-2.07625384624563
-0.782899855055971,-0.906560790461964
-0.274575417517124,-1.29621428221706
0.589578176939788,0.316159630241997
1.8497099700643,2.12395585709854
0.218717766379291,-0.412285912372941
-1.54616031699958,-1.037654941753
-0.0506923739885458,-0.57782699415785
1.74972192886737,2.88408179609767
0.224972381834006,-1.11228714421199
-2.06253630212972,-2.44975994737628
0.504879704325195,-0.071380675142144
1.80197688904481,2.06764538893776
1.35044094863512,0.849857148477192
-0.208081415108665,-0.988062514692322
-0.896327686288459,-1.44131823903728
-0.257770306637823,-0.468291540473521
1.05468072458147,2.48643107496509
-0.224847393402229,0.0211269883184189
-2.453706672307,-2.57695012649176
-0.191781634271408,1.95470970661225
0.332974301945508,-0.135854022156176
0.193678327915369,-1.20592362962281
0.240383383540033,0.530675955298995
-1.08531533269329,-2.61448217701283
-0.698566542200794,0.0415911122335919
0.553739781171324,1.1195331856001
-0.987468897759451,-2.89814509306934
-0.450073426614755,-0.428049804657933
1.35787483891382,-0.178489328847809
0.107937819582996,2.24326524695019
-0.373099213881575,0.132801585922914
1.03219425570007,0.328085273131654
1.56895037690531,2.26432158575046
0.315749494989029,1.98909876563289
-0.173065875578185,-0.416657011639319
-0.00237606092344835,0.688669996533658
0.0153943876100155,-0.423364886031035
-0.653786169876886,-0.35559720486347
1.4899177517865,0.0512580030307248
0.948027761728834,-0.560529960674512
0.0602701378738303,-2.15846483848323
0.104270668979113,0.838210678868538
1.33804840327086,1.57699854209971
0.433126092651178,0.249260416221161
-0.664554819012956,-0.0718516344164993
3.18963459866466,2.23773678088401
-0.60065211921711,-1.32923371454227
1.11709374183983,0.250786356568087
-0.171114578780663,0.503022084878727
-0.364601810091172,-0.629233269449324
0.845076358681615,0.513409285501774
1.09519773089827,-0.261434131630249
1.49595263969217,1.81646494730322
-2.21400521166545,-2.65006945811249
-0.272402265824683,0.435022059421685
-0.664194178497299,-0.549788109866492
-0.0637768355133211,-0.997473315436346
-2.16719826634587,-4.11357446929865
0.341806005199782,0.497929767568315
0.205964051040157,-0.609421082883589
-0.746263645823185,-2.37763443894598
0.368561092696881,0.282358818767171
0.383798292198035,-0.784431280606401
2.95287591159098,1.70245083914577
-0.208358308412417,-0.368790286234589
-0.560049857471168,1.18786344052577
-0.877447217151693,-1.62971748724176
-1.70163836103249,-1.59722063958216
0.182445394702928,0.749448283755094
1.12276422685404,0.0159395207943966
-0.838553868932695,-1.53310623416902
0.344983337949918,0.936973668075522
-0.966331356591379,-0.153681456432696
-0.918961148571915,-0.543364409754283
0.633167984546703,0.732722415717914
-0.46354534336772,-0.215253644307648
1.54960389464108,2.05298521312602
-1.35794917751818,-2.46026151593347
0.369266651033352,-0.991095376414425
0.463577907526525,-0.156980954529513
-0.846978924623267,0.568089070046021
-0.553085648550834,0.881012650444673
0.0969710823176161,0.861599777717976
-0.487417298175592,-0.785059918460471
-0.708663432692946,-0.610155374541208
0.173958862211091,-0.317171320883918
0.0592898822307695,-1.10049240645484
-0.200979988900153,0.157462165807227
0.543804716047969,0.814114827612857
-0.352042093101166,-0.835389314670041
0.561905018019549,1.81991014127427
0.392808849881993,-0.753961522896712
-1.37022179620796,-2.83770250726716
1.29037258936491,0.0843401583983356
0.712094166876027,2.30551699396083
-0.275225230002779,0.980575437033489
-0.39023897767319,-0.223625711345424
-2.50516325194841,-1.86946231860687
-1.96302959574102,-1.21357577382753
0.00894985571118345,-0.903066026078114
-0.456116607565684,0.0529344261674761
-1.47773513141806,-1.98860800199378
1.60467798208959,1.7270103672911
0.449079541647521,-0.917668125654078
-0.755279957795739,-1.71319603217016
-0.0670710820486552,0.785538748713012
1.08150430320229,2.05248630397301
0.335216304832224,2.01209357718475
-0.819145046417053,-0.939353273639338
0.491117782714206,-0.146217567284559
-1.0864472130981,-0.537122881925418
-2.20165091879281,-1.86655152384317
-1.15996379964548,-2.08211600840814
-0.700218812443141,-0.388778437051554
-0.227424014793153,-0.814888564662508
1.16717095299967,-0.0827746479093119
2.96225973344837,4.11984229436833
0.417458618671475,1.22511763652085
1.01671015495467,2.69389620754806
0.537038154509578,-0.0749898618766239
-0.693883437859089,0.701405273912789
0.670916856659676,-0.0821204412763913
-1.05556380991335,-0.473778083772362
-0.688506856922305,-1.3181854698711
-1.11858296982447,1.45600520941728
-0.297992672958506,-1.29898480764299
0.787960967927799,2.56016980464379
-0.0177264457282734,0.385994162347545
-0.712205577615602,-1.22028745287044
-0.727184235711629,-1.70988341827743
-0.327715960984438,0.819292955176392
-0.878601728014487,0.0342408835454635
-0.715073980202346,-0.626923737104848
-0.176296203271778,-0.59596795806891
-0.208430911829888,-1.48375175774688
0.663130675114281,0.701197208844352
0.534345081125904,-0.130309193721263
-0.146318910055979,-0.578204025781741
-1.20973319789636,-1.86409627707564
-2.0748506272833,-1.46620344414905
-1.04809791784066,-0.137146862900451
1.72814165030937,0.286911516791714
-0.866899453503732,-0.501093292270523
0.909374221983219,0.452651114904476
-1.23415247827125,-2.01539782433809
-0.282712951235918,-0.972485422400498
-1.45911034605938,-2.78123080022301
-1.19416512554026,-1.06124341922469
-0.0478921498554938,-0.510890754384561
1.16388653078196,0.662586326033933
-1.75054092137372,-1.70312304480117
0.401159132281543,0.467861955948211
1.68977393733989,-0.568880203340546
0.518368215696196,1.11463850551616
1.61738826229823,2.17010674677424
-0.380849853529369,2.05672792274522
-0.200726451751453,-1.63817138503361
-1.74434394638503,-2.08281860555323
-0.47224977543378,-0.916679345545303
1.68561820478255,1.41894777862263
-2.51956958464336,-3.19923333780709
-0.710941647532783,1.87833429866923
-1.3723366830927,-0.427380107365176
0.129540307752595,-0.629876351498801
1.11993619235027,0.57593183627479
0.206389208381041,-1.66834448830794
1.35745488288827,-0.348277785317266
-0.422177333353359,-0.90328978713342
-0.367271123195737,-0.35000871677981
0.505982566748267,0.876447842847919
0.942019584282708,2.50702665733289
0.781787813822008,0.0967747348466409
0.555380341864465,-0.79905091242499
0.800292358195976,-0.881229751946058
0.919755466169007,0.573039121733793
-1.31964438789461,-1.39078885283178
-1.75255190872149,-2.48771753116087
1.49680321339078,3.18218725325196
-0.14310059968215,0.955423484787201
0.192208231943592,-2.15640207535599
-0.470671530352384,-2.96805452370855
-1.88916499086692,-2.80306181604656
0.536651242461373,0.664042764534424
-1.03149802432608,-1.07340949787048
-0.0676258500527627,0.0926834245570753
-0.275133791287932,0.00899428390349083
0.383266575171614,0.153942215673322
0.0418639970293481,0.294552465513167
0.766368653593833,0.533017103172625
0.879056014667582,2.00966281834445
0.700276552029232,-1.85551402192538
0.132022134832471,0.466047627776511
-0.896747296063469,-0.0284587380487752
-2.70225020517533,-3.53905500787568
0.119412592213239,0.423312287527489
-0.945840048877126,-1.59459466463162
0.735855500229964,0.877241723399457
-0.49546206370051,-3.05205886855326
-0.98938808501102,-0.260531017556408
1.59475974716383,2.04781038266884
1.79668457511966,1.84418232032623
0.914154534440275,0.590934937355583
-0.157391257479047,-0.917620811804332
0.0774674854843373,-0.17454129075158
1.49203398968419,0.597377145354664
0.404717398672451,2.32309203888722
1.07114340760984,1.82178050875117
1.65538187986438,2.51439222527682
-0.372449715127075,0.395420733955846
1.85229623070034,0.655932250324204
-1.33572463294012,-1.77699484901142
0.271659189162023,1.05947891904532
0.477847654563038,-0.132413729978636
0.347267942765821,-0.656019036693875
-0.959875350133811,-0.686156910771582
-1.24320566207699,-0.298344453600147
0.995369894506299,1.66876436017174
-0.341044052158406,-1.1347013716402
1.26394372359787,2.33183444117425
-1.45199391186533,-1.69460747842643
0.974728036843789,2.69715732019914
0.0452715585281883,0.447309122243658
-0.325339564192045,1.03107638006857
2.09868410512557,2.81819428780113
0.867184498668527,1.5481170698384
0.046313847074894,0.536832678508948
-0.878874021750863,-1.3841018615442
-0.530379548774703,-0.0818943861301037
-1.91958068892748,-0.688233869052019
-1.50678456915852,-0.76063929231308
0.42152232207109,1.0032726232499
-1.17586996667488,-1.25433075304675
-0.178527560681278,0.150468886080158
0.830223074269324,1.34369687894425
0.330431083748688,0.232639294790646
1.55633587562255,0.425361055397872
0.204227857274646,0.844377455219531
-0.637853372674083,-1.20555931118749
-0.475710200688676,-1.74585927495806
-0.641111256036388,-1.04295579107434
-1.86553423845123,-1.98729782564495
0.715517296647672,-0.00707318069446794
-2.79154717047404,-3.70472189604646
-0.0565724804411861,0.301209452444126
-1.17475805121419,-0.40511647852519
-0.932064861026891,-0.554643085044094
0.257818898877227,-0.206041620280886
0.86714345400131,-1.00778762350575
-0.455872404805863,-1.43382949811467
0.491628647779562,0.438680290216163
-1.31506179798298,-1.44124742300523
-0.96037176106961,-1.74907998181875
-0.126595838560587,-1.17715469408856
0.502643080849337,-0.0745908879976688
-0.426223121075249,-0.286108780056434
-1.330004844085,-1.08029791022327
-0.627812988277415,-0.73645370142186
0.179140025789729,-0.748249911008631
2.94988557553954,3.00180219418353
-1.28792153167468,-0.717126089347689
-0.733193401158187,-1.27473341858654
1.28787893039627,0.250176474903745
0.098056603146143,-0.861063334289669
0.208904659076684,-1.6866758991315
-0.207910531969148,0.229902818853739
0.865696030239423,-1.33364721801623
0.519748351054044,0.370020813165395
-0.297761418889227,-1.00207550396223
0.226950671643062,0.824502638533535
-0.200935876911899,0.840397965634738
0.483830686787303,-0.965047800505003
-0.306071817985088,-2.21499235652066
0.861289634646726,-1.84298227306222
0.296182676476893,-0.330550143019482
0.422760627185364,0.0480819407163102
-1.2959653685586,-1.05196110593631
0.605297648802662,0.438214024898702
-0.91849189588075,-0.0503450200460717
-1.87937764335055,-3.62864781877947
-2.08571512460501,-3.39153408410267
0.441456483012338,0.781062274511831
0.505198240474327,1.1009376533554
-2.08862028479147,-0.690955403037765
-0.616518434298663,-0.770051024443634
-0.12908326803736,1.10966621302178
-0.0177038037988723,0.873010863606484
0.224157833389691,-0.0887179721808672
0.218616027361616,-0.0739579410265442
-0.688969486087506,-2.08535173740763
1.6576122424718,1.75851339856838
0.574605808140142,1.40958424847339
0.465271202528792,0.826410650763046
-0.899710763316844,-1.10054880047032
0.610439240015898,0.496756868207747
0.151468242454391,0.710549955239542
-0.121763997406896,-0.701976527510579
0.252593615596194,0.727518845746321
-1.83016450464856,-2.47681292861289
-0.716411424835475,-1.93088747847075
0.600772376547967,2.12700497576152
0.535438426828285,1.73478030892333
0.32572503846094,1.33748724451356
-0.406011004592476,-0.746614683225623
-0.152665570224166,-0.997254528399383
-0.71668573709887,-1.24482440683992
2.29578994459232,1.49822957015174
-0.280986383778756,0.383635237431257
1.23732730749281,1.80475629223841
1.32727263429494,2.68286116842586
0.42135879713081,2.10810909174345
1.13987159582049,0.222155021069656
-0.0129150463363429,1.61045496611573
-0.224186038969147,-0.11265108887958
0.734090954594231,0.0679942221817146
-0.259905954851384,-0.391292792639879
0.0554540058686031,-0.881112887258952
-0.300620773815678,1.34708197603668
0.744448857942186,0.320022354723571
2.86535823393426,1.14418963230917
-0.820987030474229,0.0818489516095185
0.744342592822558,1.32537776487246
0.097748841261209,0.285541301990125
0.940331804840662,-0.215895982526646
-1.36629802489273,-0.52125996557587
-0.169464783164683,0.069928688509382
-0.417729770447065,0.120850008105363
-0.234381743427903,-0.103096661736762
-1.34668810926445,-0.350081359711499
-0.0959796693159856,-1.6710219464813
-0.561690826837811,-2.26290972633008
0.287483757573948,0.923137109523932
0.385347638913109,-1.11286561920782
0.617995481641229,0.758278148051123
0.0721723033088786,-0.52398770355497
0.868513837445572,0.519912194964571
0.310082106498842,0.776572165153009
-1.60250853956031,1.2776400982906
0.616196952594283,1.82275446818388
0.110575314810347,-0.0380813404785179
-0.235352203837973,0.197702606348692
-1.30295827184814,-0.828025081402603
0.318987974213231,0.169692817991557
-1.47492095117275,-1.81222067095368
-0.0619055098363005,-0.661860480195898
-1.68706123473994,-1.0257536973899
-0.19763323040379,2.48227484276029
-0.352812452227251,0.00805197236852512
-0.176784771149784,-1.47318278518935
2.89837619592306,2.25004371831026
-0.642144618401554,0.130055742930874
0.377469939221935,0.864779530730434
0.609829067207861,1.59766762956092
-0.195700504567967,0.320364160532612
-0.396323345620819,0.0259683228880513
-0.873240869754679,-0.945376773890517
-0.271716236260866,-0.201363797238813
-1.71670096303232,-0.256856626818424
-0.931230330271805,-0.730875850854714
0.382469944642745,0.310120721185012
0.146272091155753,-0.0862952892822149
1.47969062086992,1.75774014744741
-0.376467707552112,-0.17734928505212
2.59695183534171,1.11306326015769
-0.143351253574058,0.381946694635614
0.284039644827054,-0.506414266289721
0.437341612249614,1.03058677431542
0.132393744257199,-0.329276328843299
2.49307780679129,3.71708401885402
0.866927782120081,0.670214697670225
-0.965232358781463,0.155751500121503
0.15494548545556,-0.629540947746782
0.681001635395199,1.01287797273549
0.330159004159261,-0.36520203316665
1.99654048573414,3.396673657956
-0.325566975182238,0.294319743795002
-1.6643355758546,-1.50589399857271
0.945194398239175,0.437603537097025
1.30078565832241,1.69460269127662
-1.38508212095181,-1.35068485524293
0.66318690557198,0.0168503373327855
0.184125936480687,1.29907732237175
-0.138276181340355,-0.52862623107367
0.450930648268709,0.113431397507325
0.964140251695726,1.53078907126695
0.302234229079957,0.0033557303758609
0.812981535867583,0.104222839547773
0.388752577370357,1.92797934258937
1.26061908432727,1.74492315853759
-0.410864049584826,2.29989617492569
-0.337174522810606,-0.948731275635731
0.502869225373278,2.21080704441678
-2.55211366151936,-3.98240379021202
0.93042315127547,2.06496219111304
1.0898153493895,0.452870152159545
-1.35503255048494,-2.9028350948616
-0.0768664064186479,-0.958275726358054
1.06017044455781,1.57164813888775
0.0963194087209101,0.0501415258108281
1.66821928151487,1.97932299674
1.8259052293548,3.80712252466625
2.40027787557603,2.48878649063205
-0.529831570366595,-0.576453187432391
-0.715885621502781,-1.03626097512023
-0.462585646225866,0.0656040185926823
-0.463361728568833,-1.31752369685623
-0.665623352299592,-0.269908180274526
0.206445604933072,-0.434771596672566
0.173603190658269,2.32912846049519
0.340245008465451,0.705803031488429
1.75965710415539,1.81741505522065
-0.694520805658629,-2.0113371150422
-1.86624461628106,-2.65606658406149
0.805938119969314,1.6895324803874
1.60713820829769,1.96661943685513
-1.70900104200763,-1.72639745065019
-1.07481399094896,-0.81459338363425
-0.649146506449707,0.415418539747922
-1.22067652512575,-1.60935649769975
-1.62860813990074,-3.06326838736281
0.460898240143447,1.34568047005724
1.06875368586732,2.36701837253212
-0.344032970626299,-1.53573630131911
-1.83256832876528,-4.15019474665382
-0.569275085974993,1.17356728545945
-0.115554945724898,1.06454414535988
1.07951021107259,1.49274838565979
-1.08729759158269,-1.4588133830781
-0.0996648092090827,0.239253400555646
-0.180861249905153,-0.987992347694673
-0.805665423231897,0.568611114260256
-0.298133543924979,0.0294364005232772
-0.697435642042693,0.740344071482012
0.227119736176875,0.226980965098491
-1.15063756504638,0.216841062911545
1.7029519766686,2.67450779975209
-0.192107911075814,1.37378855316651
-0.506492090298502,-1.71324014491459
0.649840094646058,1.48331733939904
-0.769524319559731,0.293842098623057
0.388884051521211,0.710801378921848
-0.589928689531955,0.148189993336595
0.477159431330698,0.86789492068442
-0.221452037962702,-2.42910691604367
0.513540907862406,1.08424094987352
1.01967550877468,0.13741590364985
-0.256289636464745,0.496166702476078
1.4253315124897,1.78624907506037
-0.827791892066751,-1.58862899200494
1.91167242842122,1.77574387049359
0.949922403433572,2.1363170507621
0.602164633471923,-0.00898133257544642
0.358304922136426,2.45038762109896
-1.17579343707891,-0.686133968016896
-0.488217416577552,-0.964591832085281
-1.01238445769897,-0.939387239750342
0.149311512902551,-0.282754513927127
0.0413249620499898,0.3221763382617
0.498511860501317,0.120912801306544
-0.251136104409498,-0.1718174569354
-1.3683193442095,-1.12481088719538
-1.44895323536873,-1.78149276947524
0.810337091114647,1.05776150995202
-1.66121570551165,-1.66872429407244
0.508451904106246,-0.297539171811091
0.203111689731053,-1.00751567290054
1.25165119958478,1.31715516773048
-1.7561845639968,-1.76023985141283
-0.036536147812735,0.471023568610125
0.467505623786129,-0.116083909391116
-0.875482876777922,-2.1985015448328
-0.834980965744659,0.708627072130872
-0.371288930741097,-2.17894405136874
-0.813780824567939,0.256325333723065
0.103009510326022,-2.62159026807079
-0.469952991400132,0.542421269866773
-0.173000515549272,0.595403202819921
0.820018538515867,1.57322343856297
-1.14307327012127,-1.81060895718781
0.962894116198382,-0.0330991298793364
-0.0118413988261417,0.565675924512286
0.60041607171368,1.89554577617979
-0.879271297857092,-0.311277459782491
-1.42906757567229,-1.61109381364797
0.51278733496594,0.432704381578178
-0.431009507546728,-1.51950931492244
1.88909019091105,3.18868003039229
0.0979900967120937,0.0623110860528216
-0.0667585756552486,-1.59512040213226
1.69226635588083,1.22666921704108
-0.190756549126504,-0.650251278875399
0.384172216255933,-0.771753470911404
-0.15247000568005,0.869970512559488
-1.58265723787086,-2.68637980862457
-1.0145888215473,-1.59049025749198
-1.10465829280104,-1.55863642390736
-0.392201323301277,0.356562602806548
0.678533515069333,-0.0543002369791671
1.16665223844275,1.71380524406728
0.462769434519721,0.165092695706018
1.12435823244152,1.67635154130428
-0.641510289486924,-0.458688199839594
-1.27977186312231,-1.35476548600242
0.874950566355166,1.15714057998405
0.323896323700811,2.20793831058046
-0.0154912847222763,-2.18651427959768
-0.56154103560782,-0.857323152110927
1.46250014100246,-0.0360992553563535
1.21134909094957,4.68009626319859
-0.451696655332418,-0.0331181775445195
0.636111309373124,0.147289938247176
-0.667344333174338,-0.374557635275487
-2.004858419028,-2.04996352201736
-0.857845577617982,0.019333368998288
0.213559354044977,0.359936087488044
0.0398934869601579,0.202642826850417
-1.66677656933587,-1.26346623169872
-1.64678868551153,-0.0400936791663939
-1.65388800921249,-1.2829119423284
-0.231746951471379,0.294185466690038
1.18624754259658,1.70041656128975
-0.514940627300356,-1.94333465624667
-1.43575841534957,-1.85669882492303
-0.347788121185521,0.520531551409572
-0.103389971980923,-0.00276905585106781
0.758230610488612,-0.62787720545099
-1.74187760444268,-2.54486389340418
1.73871373784815,3.08733139443574
-1.1684602143081,-3.69664758059563
-1.30159317399848,-1.18526385776062
-0.385684170441441,-0.307001368133836
0.00134406774679989,-0.572599069384254
1.82421499063565,3.38163698796912
0.423714418088955,1.1823022692921
-1.45631648519588,-0.882799357797401
-2.05409372431218,-0.613657541683514
0.979170206001117,0.805884976520026
0.112278819009064,1.00695830851356
1.90070648206606,2.04248092247287
0.86888842776173,-1.15441549733507
0.953444153909912,0.130029931187028
-0.11815353700898,2.02684837893944
-0.0350069128715823,1.24050641931784
0.39638956062659,0.570377800360521
1.4247134147801,0.622189131289277
-0.413527654567805,-0.73881918741781
-0.191369570822827,1.69067242192122
-1.05855081414079,-1.49911176178316
-0.864476675844815,-1.6261959117989
0.869538469185248,0.89440383062768
0.093938210691142,1.01455891147394
-0.14112712720762,-1.8240532709852
-0.507149931522819,0.11322121028178
1.8573055589774,0.122896974911649
-0.923271841232249,0.161851938934352
-0.505197432947245,-0.486650214235418
1.25034476055672,1.2179987699023
0.760915636688044,0.629344331032501
1.56888646809586,2.41419992167887
0.643677666421048,1.67619125724922
-0.649065928825662,-0.969334314169545
-1.99512673067604,-0.711368990378139
-1.92439478416487,-1.39783009426242
-0.0074819532970732,-1.12904321676604
0.60649908747845,0.0742302657227676
-0.620383645189447,-0.0498298876346059
-0.160522644377116,0.590875061243812
1.08540094517153,-0.0938640136819642
1.21799988666825,2.22182894325509
-1.19505002636561,-0.893413093275497
-0.0203131138244075,-0.0801740116292578
1.79472309060419,1.75262843626315
0.210673026852037,0.837489264798151
-0.0338979946379845,-1.49785920481134
-0.364034477403568,1.33013693540551
-2.00619656047568,-1.12757812953773
0.987543951231114,0.0385438130127207
1.15046512403181,-0.460064917737899
1.20361409603472,-0.386080140491371
-2.43772072091748,-1.5626577078769
-0.56365409009501,0.215055404554258
0.169046556596972,0.811960724214288
0.200755593168802,1.00888170294003
0.0323557789866936,0.477420371230674
0.579165115270954,0.352181823965613
0.378540848825596,0.728612072737418
-1.24335953707172,-0.76215613693345
0.544282997547973,1.40127165932608
1.78879270724693,-0.1590920290432
0.768431537242003,-0.544466010826294
-0.156441152581444,0.900393128210982
-0.182723864511839,-1.27393441925107
-1.2154539835316,-1.4604463699128
-0.470645413794263,-0.537743637212301
-1.13263493519652,-1.73033826893431
0.415998367715343,-0.947424451344909
1.87684266106425,2.50149456318492
0.0554527870075479,0.544759497777255
0.621603751518686,-0.416228054994488
1.06418936611622,0.237246840121771
-0.917611077088037,-0.538937922369406
0.831680613773122,0.701311186953566
-0.793825844408719,-1.72137332745196
1.19693550199494,1.21283268211984
-0.799881699544125,-1.27112632238749
-1.15063768848708,-3.24587465491722
-0.457975706298229,-1.90811698604864
-0.616562807074214,0.0858017026292064
0.890721550825954,1.8704694501595
0.545152389950894,0.650538638485015
0.124955051392166,1.15773977611971
-0.191779519159263,-1.61089763475596
-1.6417417165701,-1.53262477783063
1.13067466561479,1.22055128520214
-0.9601236259063,-1.41677190413255
-0.738771755717684,-0.605110299675551
0.21587129485527,-0.421616113191998
0.012130457535865,1.0181606459984
0.862421408492056,1.55905545105299
0.703013984132173,0.36050433149873
0.278170262606498,0.169914325121786
-1.132152279415,0.83263209774701
-1.57202789972295,-1.81189652759985
-1.39260342683117,-2.58819724561771
0.916428434931519,0.676089096736086
-1.95498175504932,-2.8494219656637
0.563149274157257,0.574775172811856
-0.915023650756692,-0.422436642998979
1.24225266517718,1.98547966342375
-0.718717459689922,-0.348364551037064
-0.809193373696213,0.52599841501371
-1.78852454646588,-2.62181338881611
-0.746210170028764,-0.956072244092267
0.544168597592156,0.454933864384292
-2.02758525808657,-3.44702297027307
0.298148634899758,-0.289983932396256
-0.21972390393795,-1.01533252192832
0.307858355324132,0.519736615993387
0.03564214453248,-1.28888146341981
-1.69396161822923,-2.9171501110811
0.497703139748807,1.0714695286594
1.21591423239571,0.880979863596066
0.456905915836744,0.225122018149904
0.39674834001082,0.631750185287002
0.609695718589322,0.411478507533996
-0.500390674469038,0.623089044234277
-0.913710119583659,-1.24418944027636
-0.341847090292053,0.573127571695728
0.0535369300313529,0.340807083976533
1.31995407366225,2.25316124618369
-0.816636920128815,0.842466200666958
-1.02187249593711,1.44735208903337
0.0467592873904103,1.21902229276333
1.41394329113279,0.963842402375263
-1.88587463595012,-1.71705060180163
0.871038973805988,-0.604278350540872
1.08361747496118,0.928740718974406
0.441361923031227,-1.70055674286669
1.26004643670197,1.76999512847349
0.70414312746515,-0.221820457417015
0.0910013230894896,0.991577097247739
0.655614980345029,0.229043644297987
-1.53695387859012,-3.16427119763395
2.55503051129351,1.15586049441373
-0.0338318151649869,0.431240272132455
0.306515734186758,1.15894732135946
0.648219569723302,0.0966877476739165
0.0792163169402359,-0.399853663267652
-0.0195024625902894,1.00273454099488
-0.94629713887215,1.35646272500906
0.184007779825339,0.576176949480577
0.265388155935954,-0.523210784467234
1.41157531190286,0.701228542979808
0.402290058224743,0.163804118636867
0.411916581453853,-0.973391228860853
0.261392917857845,0.561366239159971
-0.665784079257196,-0.146506415200515
-1.25510915442615,-1.26557690740377
-0.79195210939059,0.649427526775997
-0.444265476750248,-0.698687207770335
1.91893517176066,2.16474320088301
-0.312983254203865,-0.301693825157697
-0.351162043047106,-0.22455460996882
-0.744315382196068,-0.719721477489479
-1.14993453155676,-0.891146373252941
0.324904275399662,0.268968300617613
0.603414018161837,-0.913421557652668
1.73244159684756,1.578534240693
1.83058517178185,3.89152299068145
-1.35164132468767,-0.179243962260656
0.0656018734762115,0.844238931585427
0.922888502885332,1.30988258161219
0.312584824872283,0.750580054818149
-2.68188822775578,-2.71103216682799
-1.92452099529167,-2.6887382024661
1.61599252993031,1.03146528704045
0.331816421013877,1.6267588860311
-0.384728356586174,-1.98423917216052
0.95054682411383,-1.02776466400581
-0.783563661421231,-0.584449448198827
-0.617109394364056,-0.303120898354819
-1.58233608096362,-1.81856920641614
-0.207159437047979,-1.48732534060783
-0.667842784083446,-0.771717173830416
-0.289208476623306,1.47855832490867
-0.848938538597105,0.595972172318731
2.45991503507072,1.87977404963252
-0.933201366582217,0.186128744414534
-1.00339017127968,-0.0268648850210467
0.546678849165328,0.205729066764631
1.15937906815077,2.69551881290476
1.22184944745501,1.54731580069881
3.37938449079706,4.42614657276538
-0.982070562090486,-1.30971292810569
-1.17193187698704,-2.10524750667115
-1.09237211427746,-0.724713171626403
-0.769963913661661,-1.96410620668813
-0.209626022655603,-0.963570227897536
-0.786208007173076,0.187338553223259
-0.825092845819949,-0.662436500711447
-0.00686012857632949,-1.15983272235547
-0.438803041558486,-1.36680990047362
-0.545529037327133,-0.18090394274485
-1.62075316350743,-1.87574678224737
1.57823677112575,2.86759749726286
1.99154722205155,2.22926307132899
0.0396501433206297,-0.323502448099059
0.324987283593047,1.95307078731765
-1.7453895658057,-2.56842675724142
-0.845990592397539,-0.917341997855234
1.78305003507987,2.14057608464051
-1.1395343700612,-1.75747655432349
0.180214457083705,1.18288960501168
1.5131283626851,0.7518760007906
0.384987098551985,0.514148913029259
-0.68959090614827,-1.73630724377714
-0.87041925529099,-1.34396883359092
0.543119735891616,-0.0368916492327656
2.12620388565861,3.00934083280469
0.357417977098633,0.988064104988142
-0.44704079041086,-0.609723932817815
-0.30101863640208,-0.0507404697816882
-0.623385673081671,-1.58857843669083
-0.410712194641017,0.66355968985478
2.15597875411409,0.167229105895761
-1.7309138185848,-3.05248234976146
0.561928811232616,0.260199787725304
0.201090434214293,-1.02950144978121
1.34928593392816,1.64462671097255
-0.00294879591243343,0.306673196049117
-0.595744224735259,0.37026041324462
-0.410992788181857,0.520983481965196
0.193923112398762,-0.474609676935841
-0.0295696784667813,1.2338087713359
-0.418376140544922,-0.135295285164023
-0.315423044190011,0.791736184839369
-0.41028629555732,-0.566028436230313
0.141607078681589,-1.50035301427952
1.31125974807049,1.59741737447886
-1.13010591924198,-0.595951815440868
-1.24108363520458,-3.72868241159369
0.236168286734006,1.36507003789566
-0.426424509757002,0.736696747030846
-0.357145813470505,1.61892024871724
0.8189519601586,0.70918393091343
2.64807571280062,1.38491882299802
-1.69045574225581,-1.7623828484116
1.29298290043557,2.80654736959036
-0.173359098703892,1.06186005152388
-0.501461411042209,1.36907603602283
0.976990393257557,0.203740269230212
0.215627331023086,0.238959403520035
0.734185717375256,0.473133001151908
0.573320025565341,0.428517455254665
-0.692470789746392,-0.719524224886922
-1.4240922622873,-2.04399129100054
0.778031945510858,0.714973786156239
0.295818535226706,-0.611130857571824
0.378293145079885,-1.86340396308278
0.747207585819904,1.51397000359968
0.0538450739688146,-1.22728010484671
-1.92211884587269,-3.41537086745143
1.19105598704903,1.07213552760701
0.760358353558273,-0.533663927654901
0.0116880937941233,-0.750403576963958
-0.200106173726561,-0.178140006530583
-0.158671571171413,-0.419589086013869
0.04767729578592,-0.0410783456002094
-0.0136083284097121,-2.57682306802919
0.895408694224272,0.398212956683117
-0.545717192273117,-1.08107657958509
-2.2813027600714,-1.03713703255294
0.131876873337867,-0.703726466021428
-1.64802296508286,-1.31470341976515
-0.827031171710851,-1.68869243269339
-0.801050604458647,-0.60859955500014
-0.694570422651088,0.712860574579205
-1.13882543755008,-3.42138745198361
0.751098863807342,1.77673501055315
0.577305308374737,-0.0397996125494331
-0.435696012399308,-0.625870938422564
-1.75275205689829,-1.31593590443122
1.58422158520734,2.18393549058379
-0.860346108163804,-0.771230244821935
-0.984250070025629,1.14415573092393
-0.327449605294079,-0.619643484797059
0.0722336354812898,2.59421005607159
0.464535891164222,0.948840035063666
0.243592357217249,-0.19639826375233
1.20494039675495,0.65291937371495
0.386061544754651,-0.490714044159081
-1.89355230702318,-0.990820657026565
-1.55616720500477,0.108187571409559
1.71351995533618,1.83034865503186
-0.434934884162522,0.94458502657662
0.664266983370669,0.440386205360624
0.692411797352817,0.394389272089153
-0.313980635953324,-0.895926348773769
-1.32581021445372,-1.53481948020796
-0.118080846820882,0.607738482189712
0.0931219934468391,-2.21364689603364
-0.786570522595984,-0.0473166475268988
0.0148493817709686,0.247728026096235
-0.386774768927094,-0.419039511826999
1.05469856194657,-0.140638798359346
0.403151902415965,-0.487497333923438
-0.23756375183028,-0.172012353961634
-1.11854856885911,0.0768652663674891
0.225732874621762,0.30739045875379
-0.898443120536313,-1.57788472323612
-1.24612608050184,-2.21923904397402
0.416442208545408,0.618005603294087
-0.20468298397096,-0.35670844512288
-0.338906490573657,-1.50555153744565
-0.705800012785148,-1.13529993710345
-0.788612500667768,1.3660948583459
-0.490061745197159,-0.777901379051601
-0.574095108844024,-1.42467346282655
0.654511181583135,0.86614790480515
0.686165621544716,0.501451455791758
1.42322398033177,0.649670798316614
0.120832066441867,0.922643915270321
1.60105239432537,2.99525531731856
-0.649574830757423,-0.657856685996285
0.925225717676275,0.903658727871648
1.87269320163076,2.6157585989144
-0.518112658355895,-0.544959072370075
0.397592719447298,0.565619962232086
-0.165702071983392,-0.768604000325308
-1.7812151358131,-1.70716401717326
0.572049748820493,0.752357243516687
-0.862774120101665,-0.731613698760356
0.032646951564765,-0.892348682809416
0.864248279804525,2.68337749367337
-1.57013322833515,-0.400016811060995
-0.209539833749972,0.482708006019501
0.627668466962187,0.659973503225494
0.827965069689804,2.18613484282273
-0.222702195176424,-0.660177629520786
0.453201958746416,0.182946243413638
-0.211636574279403,0.749773058698336
-0.631059927394359,0.283631204826058
-1.10748912199288,-2.90894008189058
-1.90547173945655,-0.454648577194136
-1.05704691129185,0.994310534773105
0.533702217147033,-0.253548542471138
-0.930858258127266,-0.642753405545942
0.432222601230482,0.055354067270636
-0.0884184538404365,0.443453590649917
0.390125217042153,-0.360250003075414
-0.387427862757581,-0.847020626766295
-0.136100673171137,0.855566490309986
-0.293642022931581,1.01916154686957
0.00218304482110572,0.53109594416228
-1.56097250460516,-1.0963573466844
1.76813351978296,1.58392180550132
-0.904614639489486,-0.377705544040459
0.12318865102349,-0.248341149658595
-0.102708331251167,-0.586481193002948
-1.04036922386185,-3.06171745047526
-0.705708381083766,-2.01412404155124
-0.575645408879062,-1.31413896887223
2.05215919516883,1.83069564926558
-1.78078306796912,-3.22810408612918
-0.503070472059718,-0.664801257435763
0.54570926503576,1.60865446636329
-0.884778113219591,0.342028028857461
0.0348952378481242,-0.686670741514898
0.807244965581174,0.36893552717707
1.13928273109907,1.11494258750798
0.141897175011692,0.766124689011295
0.995837509182763,1.27244272776252
0.996291788920529,0.0306511864384776
-0.599857424411264,-3.01986661931822
-3.17811508183681,-3.12743313284471
0.763887787263812,-1.93854340269307
-0.70518666122022,-0.959343014179747
0.874003418510145,1.5944657821512
-0.465282966565941,-1.25895747163407
0.714304843682345,2.16915606494657
-0.170985482010885,2.86568220867696
0.517999909064018,1.05518177822623
-1.1787799155332,-0.838809743986149
1.40946285600475,-0.387298010732729
-0.038148161718441,0.0943756423157687
0.672669745680873,0.962004740882679
1.25886554746617,2.64150753926015
1.69783461298214,2.36505202809282
0.244861728583081,0.538249629737375
0.0597104783135708,1.1921381946252
0.0663419923903214,0.556335218702699
0.536381552163975,-0.556261723128467
-1.82293241774901,-1.75847239177228
3.15397081201087,3.0650998582815
-1.86640894814357,-2.52132406241561
-1.04839899761943,-1.13591122994986
-0.939438072728704,-2.75346642478095
1.16990318117237,-0.229842878377027
-0.825090272362903,-0.263800086087242
-2.04159141858917,-2.24875623209459
0.928639152599342,0.428508284678361
1.79446305550219,2.36168620751744
1.5039584252653,2.30372303459409
1.26902008116388,-0.835275748663393
0.220934533632123,-0.250739888371097
-1.48628812491516,-0.861681233915738
-0.0487409620293417,0.871219654641581
-0.921774911466326,-3.43565985756254
-0.67940163237,-2.38810879302785
-0.469747059363732,1.01454051069546
-0.76144349227885,-0.93186767837917
-0.171229939568158,-0.0385856594093466
0.727466670447222,1.15522161332251
0.392519985484687,1.00563937376564
0.186905765058669,0.147019456406616
-0.625833966138719,-1.09333008147594
-0.344465473967868,0.369618028370026
-1.2694475705216,-0.561361990821584
-0.715441639484005,-1.45841866735006
0.910966824261642,0.766892447503873
1.13705024831664,0.0176916717213984
0.28452302492702,-1.19372663184241
-1.2455611763219,-1.48660905421585
1.2853397547325,1.20722190571036
-0.63768642597962,-0.36968272078351
1.18723854308124,0.352871795787278
2.10351830742539,4.88937105332018
-0.16332708857257,0.850226178377589
0.544978918756979,-0.267737916381232
-0.167000083334482,-0.33295531076712
-0.179451070482143,0.286486710573941
-2.44351779678683,-2.03950166699939
1.17952347301754,0.299281452904439
-1.31533263663759,-2.24540852456455
-1.33090671709719,-0.538737654949288
-1.87182038006764,0.0111560910844029
0.185707864917726,0.684337647925822
1.2724950153044,1.54120790501692
-2.33832528888492,-3.47810303773996
-1.63822028555207,-1.62898688753034
-1.67611357910361,-0.935579817262633
0.879530540181171,2.16948015717912
0.893722800407562,0.890385064926265
0.237537626934024,-0.609237151145491
-0.15124512128375,0.49323572443496
2.63464398679945,2.83794710635003
-0.290636945362531,-0.409715598473779
-1.44048623512991,-1.15294583633878
-1.12726965200526,-0.795226658519781
1.73442406879694,1.44177719748585
-0.490029682050029,-1.61771581947752
1.16345946041664,1.60481371254575
0.392129597055819,0.723119196903187
-0.365466717242052,-1.42972886317945
-0.442940341908713,-0.99603786802241
-0.778590234999124,-0.709521360295387
0.264050496543349,-1.62052874117131
-0.458681735102327,0.348727915023208
-1.14178349920722,-1.0870908491359
0.433369429448253,0.802034709285266
-0.988422046864294,-1.48002634572177
-0.771749788780223,-0.915482976467965
-0.774744908083199,-1.41701835758398
0.0263305748534094,1.93508637946228
-0.0553108269118478,-0.0483744491387269
1.96301250402008,2.85637043619942
-0.596111949366602,-0.225655258078187
-0.647587637490174,-0.217217038160148
-0.546378227859785,0.680354457396962
0.383883530493984,1.46819990354808
-0.267691119045803,-0.340152737097215
1.29269354707182,2.0586540727313
0.0396618835246588,0.676018825805829
-1.3713475654671,-2.42310707526788
-0.613772352736383,-0.0019743960980555
1.15971477918988,2.4459707241903
-0.545634463232019,0.722724053079217
1.49902864552589,0.724496133179631
-1.0204878265999,-1.05573698178438
-1.73020575814863,-0.27204591883166
-0.521863064732325,0.655862713015145
-0.990128843072583,1.01665691699727
1.37481049591524,2.07437267632587
-0.2689529614654,-0.555008934819104
-0.678804337207394,1.85363288888656
0.22637258980917,0.424243987741045
2.30599195828917,2.48727355135229
-0.369040474479914,0.382249344003517
-0.632659945330277,0.466138101586615
1.15638302346651,-0.207774349351703
0.204312712844445,-0.439520331476488
0.0123180382736175,-1.34525892059261
0.39096314031166,0.0945952360218414
0.668051129427174,-1.0830090915943
-0.152265246666426,-1.48708286834218
2.00463976590886,3.1595108955279
0.089515724755542,-1.03638920363025
-0.504986235210198,-2.02221111704178
-1.11446537902164,-1.3221137843568
1.61948928353842,1.19296033083408
-0.660374230280702,0.843506752213338
0.176525699069391,-0.108853373320092
-1.33028695054025,-0.901886396149685
1.01536296989294,1.88280208123324
1.17736915220525,1.87302469865572
0.583943251643147,1.25085840148797
-1.01730166211258,0.607909429407797
0.816786419305617,0.958010078533092
-0.141857908172762,-0.582032015594213
-0.0274088694254694,0.0775371822037131
-1.71118694472525,-0.758239984239594
-1.20006857390145,0.303761985700109
-1.50679825913091,-1.40874048216091
1.31633658035871,0.0865349216724471
-0.305524029498024,-0.280936944124836
0.903301742077878,0.942830747515184
-0.724847179522463,-3.29525106630991
-2.00172540625245,-3.09681527553401
0.30376960771836,1.57137981232919
-0.2983171761968,-1.30846473071782
1.47178545444202,-0.105644445506398
-0.520709901764152,0.282869217789615
-0.289389628177781,0.146177780236151
-0.0868114837386716,-0.502079512829848
0.312446290735243,0.924096944261687
-2.10467804467639,-2.61960706266939
-1.73748201298393,-0.312010575734603
-0.988051456588318,0.288354186271461
-0.0930577287003699,-1.3141781185651
0.515339331182947,2.41042615662096
-0.279294130671164,-1.35393079827473
0.241905565196535,-1.23685150816915
1.08507617087439,0.810268445538839
-0.684408487645342,0.223606051686029
0.893171973148564,1.09655205680441
0.761974056873409,-0.19779070046918
-0.889834459948714,0.944225028866977
-0.792744621126637,-1.68800465052179
0.0326901537027249,-2.08879879492954
-0.946318787275503,-1.35847223086078
-0.261641505495417,0.281566962511263
0.0116474265953247,0.408275403393918
-1.43016920098444,-0.371235586538334
-1.11085099463667,-2.88371151806116
-1.13473240266372,-1.97556479746967
1.17834329300003,1.03466506660086
-0.364189192592837,0.11978643885994
-0.44306752395727,-0.0831753787126639
0.703979523596591,1.66824029711937
-0.181978210086149,-1.13706348957075
-0.61037637703347,-0.299953199352403
-0.0419720399804963,-0.00719278321749144
0.861370192310867,0.620809448143183
0.406930073008523,0.151086061093494
1.15661285675223,2.21137140908496
-0.112496669005885,1.06710720878356
-0.45446218999815,0.447281143619516
-1.05310693306387,-0.609189495339447
0.570544601403531,1.26735691369422
2.50059939682267,3.1759625208685
-0.0888420448647972,-0.0233512904519014
0.0307293051451699,0.298900537316912
-0.0519582733202471,-0.638292541367609
-0.0845811649872121,0.520311207838786
-1.40622676509408,-1.57840228066913
0.879139715370667,2.12715114139181
0.28112831509302,1.79915149760507
-1.18968363066448,-1.2183890576634
0.175593917944366,0.721461946996224
0.0196134127005827,0.791947197614616
0.947371149049596,0.984905175670721
1.24972144416928,3.28643217738448
-0.174481031453018,0.306895237013673
0.13694046828319,0.776966513428856
0.596101376996907,-0.436247333988982
-1.10018920380884,-2.38670502073463
-0.442344551425978,0.171560780676494
-0.613206805973925,-0.429301007093527
-0.288900938510551,0.376465802975571
2.2868711418483,2.92281351655799
-0.0292033305951735,0.374481745076979
0.322540768626373,-1.00247353426939
-0.543380915838582,1.539082235503
1.42416663213235,2.52880526372723
-0.205181426725275,0.475833209574335
-0.743594013007133,-1.07001511172772
1.99353145554457,2.15701060382914
0.738332354903402,1.05827249465467
-0.223157515979635,1.46416857089839
-0.995406338305359,0.423509160843919
0.145837376937775,0.927681321176163
-1.4746382233344,0.129257434060417
0.100093603574258,-0.184104444810709
-0.454757540150017,0.620790451098547
-0.362901201990386,-1.52126551788832
-0.53665126310397,-2.70179799035869
0.5300951982529,-1.05044127953357
0.156650212719624,0.487470647521447
-1.04803595822639,-1.84312364546692
2.0042559279623,1.49078606811177
1.15457867586787,1.21214150614334
1.91337292178298,0.921737242799456
2.34146513873649,1.84785122171207
-0.923891262793097,-0.793060477540532
1.3567108601657,2.13919220743465
-0.716930640672423,-2.0639014063017
-0.593999479595067,-0.862511205882641
0.749812499036359,2.07699666442302
0.319661442993864,-1.50703604402517
-0.808292136663649,0.607870911530264
0.363163705141008,0.388273797497112
-0.555898212977745,-1.67238581965635
-0.867238196200642,-1.4506479215498
-1.29635891907638,-1.37429380564111
0.0445825486553208,-0.625391029726412
1.11336711434905,0.451756349358153
2.57160686279931,2.96932591813644
-0.00988644813532562,0.325321180853143
0.477147212535388,-0.452882362959075
-2.11461278712124,-2.50241341155712
-1.60461634251239,-0.718958052931451
0.352718543774191,0.456344355989967
-0.745762910649198,-0.0746875243615333
2.22526009791361,0.100913588483104
0.00425122421745448,0.438501449242586
-1.42782080471824,0.970005943926312
0.42604497679332,0.91663296621989
1.53032437264616,1.56603379719806
1.01500826629924,2.10143726549867
-0.754979676984122,0.0174960400428834
-0.580547856390853,-0.11987107267627
-0.141882683283749,-0.309616540798669
-0.937731795102818,-1.70289587194747
-0.135321578659379,0.0338647981746026
0.456600294935071,0.398917033207594
0.732089843642381,-0.18424638724776
0.920490032497544,0.589869761860467
0.617911639683737,0.205161231419196
-1.47317495937699,-3.42303957013449
-0.803632181265891,-0.729763564535113
1.25549224771792,1.41468651238108
0.463831441880758,0.20474410681266
0.283559624439398,0.537719370223368
1.83524358381728,0.89463823766374
-0.456935713157753,0.10665275496158
-1.78915174509907,-0.771264504043398
-0.40885479006996,-0.858657235355137
-0.365864169949764,-0.455922072237463
-1.79653886073041,-2.27324795523881
-0.909632778893972,-0.905943225760229
-0.229686787927163,2.47711526297858
-0.37788051839375,-1.41892004637837
2.22906348117734,3.59895494504915
1.49844540486673,1.75673519659581
-1.86639269345158,-0.542799696686987
1.05147936123614,0.945757457815772
0.283605131665598,1.28321694791561
-1.75626944993285,-1.53602771430905
0.0451315655248224,0.034349264228446
-0.383255299047556,-0.000530829291819523
-0.110282429801813,-1.94946402173111
-1.07945775163507,-1.92805448125968
3.03992910032148,3.35579781205617
0.215578193889617,2.21809483960653
1.51941642056437,1.02522277436965
-1.12707474423501,-1.31393813090982
0.664410169031919,0.393478958190293
0.471599108666809,-0.518806622335622
0.863631100977051,0.681949216509644
-0.330600521043863,-1.79061697291725
-1.93731236624211,-2.20265685229931
1.98347553198771,2.70468295463576
-0.811956955274936,1.02118138198819
-0.835010506894931,-1.93866560795974
-1.4969497866164,-2.3211747702639
1.01214411427646,0.9012341325382
1.53054592608739,-0.40582551552951
0.0575283996435085,0.62400226544932
-0.368215007508656,-1.49998231225231
1.92653049432948,3.83833822782083
1.40503446312256,1.38789156193378
-0.256870419774695,0.330013621783516
-0.375555463130058,-0.0737805842708675
-1.1519691427817,-3.67452752958315
0.950096591877441,-0.01718374680422
0.91398151840722,1.24386832651739
1.15491620042818,2.19116611163285
1.25319339117674,0.3797082138387
2.19632928332923,1.40344848401435
-0.853599392290994,-0.108497067637544
-1.35920958378252,-2.93654514987118
-0.0636395998384061,1.3791921305184
-0.0402142011350792,-0.0836612159806635
-1.36672648134609,-1.04874794817096
-1.00085958778598,-3.37362226830311
0.694872495464147,0.418528737171877
0.938103598637198,0.449578073700047
-0.474681902363733,0.948408896818406
0.611960755633414,1.18363378388015
-1.06020855379077,-1.36483687438443
-0.2760206155496,-0.560721703132612
-1.12314952860775,-3.17533485287621
0.16537132252472,-0.278049431200378
-0.562192397881585,-0.438208984808531
0.118504439653948,0.564592423628175
-0.51423831337014,-1.24722728901168
0.577172198756619,2.3534054645607
1.78767173122681,0.384710096143199
-0.0928111486980785,-1.02565019153041
0.943421547044098,-0.160624286104905
2.02709966274337,1.31944413253844
-2.32258322547036,-0.979935284255682
-1.19296170634772,-1.66856423613471
2.25065074095743,2.62656872003227
0.351121799769516,-0.416295998584234
0.933415175648806,1.73756609683504
-2.02809438977401,-0.0485197962424051
-0.767222500151759,-0.308895421876997
0.8136308953362,1.25901319829631
1.265143410417,2.81211144808195
-0.424769130718823,-0.403710289411239
-1.57211328969715,-1.62041829166782
0.867318094829464,0.561427518400501
0.591321448560643,1.7754029561839
0.565268564242529,0.00226631915357289
-0.553917256761275,1.06479225685742
1.53928943283228,2.40154398868897
-0.0539107181456598,0.591585287926739
-0.172231357750208,-1.73958719779492
0.866808966942282,1.56469190455532
-0.196553519057457,0.321507371841153
-1.26992711171775,-1.96584930518561
2.13851511270269,1.69620191211391
-1.21564638112858,-2.71254116457253
0.878155878058458,0.785360060266095
1.11812784261123,0.914409543109182
1.90939193278202,1.66196607394643
-0.858704844804885,-1.13204420223718
-0.0422158686688461,0.339723501057104
-0.979857644568093,-2.2572395765735
-0.515732753012471,1.59625361831272
1.27913647659881,1.51726169680271
-0.333966111552975,-0.217650880347494
0.00242153825858483,-0.0226960398247094
0.339268706595899,1.21139159071145
-0.997845645094932,-2.51769655761515
-1.64847264645987,-1.05422791599511
0.0525777077981404,1.83939541778727
0.379586107598149,-0.655438287967948
-0.630065620970958,-1.35358095173304
-0.861226866956223,-0.306407221399224
-0.13758686309289,-2.37555973398397
-0.00849764958298413,0.619797947004828
-0.994417412792965,0.328125399174784
0.447870006663862,0.7287363970333
0.0441201959761326,0.58901059136707
0.878166538690148,1.60005468117182
0.662446088473808,1.27914102034483
0.10374617860208,-1.2925832278056
-0.344314264908806,-0.295794053870808
-1.46646353722223,-1.55559290244861
0.353584667912646,0.912415038377333
-1.1217794233431,-1.67084893505937
1.17308550906262,0.673931439528335
0.920273938710771,-0.187450221320566
0.452406194904613,1.79439437992021
1.55134886239022,0.477486656698246
-0.878030654090364,-1.17435631147383
0.617271921128046,0.193118924465521
0.28317099108937,2.5558974986111
-0.208738439841199,-0.403070795060606
-0.369818155405919,-1.99834383325538
-2.08382414842801,-1.74988577296985
-2.31080790144349,-2.89911028316158
-0.537328085120385,-0.818211775503699
-0.523940868130993,-0.803150866844218
0.672356045726537,0.612577056244981
-0.253100042882551,-1.22365459132088
0.148500205843213,-0.122463691680442
1.79261886351119,1.69551643629041
-1.88138101298432,-1.65810058325001
-0.552240304967683,-0.286096315906393
1.52547982067088,1.73213743240708
-0.0350180259402238,0.928612768736199
-0.334839440684941,1.0778300901351
-1.59729606003702,-1.57346254835598
-1.350382713149,-1.49588649670154
0.729937812945931,1.4658796865324
1.64462724292315,1.88997925010753
-0.194508251194186,-0.666713912649682
1.18721017711172,2.15310242749565
-0.594289075360023,-1.53932619318999
1.13841350940707,0.582265850214934
0.732549211640342,1.36440901661775
0.953175893168953,0.832685266710417
0.57026478714897,-0.684301008056914
0.669644833821463,1.26448852318786
0.0404070924371392,0.417838149370852
0.554733806721093,-0.100191443210552
0.00781905500671989,0.591750285947223
0.773710293870333,-0.696444536289143
-0.239443853948232,-0.863571499300355
2.07170587948924,3.82034449146374
-0.0380830329736678,-0.536651161273636
-3.47375424357005,-2.22390007517829
-0.199118361142003,-0.773521570886218
2.11815767360473,1.5182898682305
-0.649978399533078,-0.229166457937266
-0.840999709664208,2.09635941671741
-0.35221359623447,-0.741613286987473
-1.16183258195882,0.0148421181025984
0.036626357577567,0.495253810132545
0.360700014481842,1.95813990438442
-1.72782045246884,-3.35722946868966
-0.369459676938826,-2.10227094238868
0.147268829862277,-1.55105498246343
0.30305046787616,0.70500420171203
1.11441515673199,0.218036491870948
-0.0494873071263341,1.91999493518038
-1.98855167871599,-2.80565647097421
0.553661221381623,1.07591876786041
-0.545609888361664,-0.958443151220389
0.0849760790547836,2.31864111324799
0.0135781926848244,0.6991810653455
-1.13942673193174,-0.862458700252512
-0.865672786686765,0.711001788222253
0.497151656561851,0.75696895897717
2.32943123866285,4.04031399887981
-0.727523998729434,-1.12001434838318
-1.62626288898609,-0.591064495847935
0.132244332863946,-1.4902611578086
-0.154659576509071,0.159259253728945
1.24709703109287,0.661987070759546
-0.0258137028495057,0.0725512284699848
1.63786002186172,2.59773063303873
0.90167646042608,0.219537370873247
-0.488279054183892,1.12557909833006
1.86083928809392,3.63240121268275
1.50638787270529,0.459877438765732
0.336534579359125,0.139342918118778
-0.196608064383194,-0.0747383817447586
-0.345225167983839,-0.570822320827229
-0.633483008518043,-1.30506553320512
-0.0346200704500614,0.209972989020251
0.453238382354416,0.156102859274339
1.20503196498468,1.92782296133926
-0.342239323958151,0.438473483356498
0.916790514494046,0.19871690274025
0.416359313925973,1.7241594437463
-0.586907301737517,-0.503290817013367
-0.605772440838495,-1.96574673718383
0.0919516485244016,-0.587744441400123
-0.75344334317078,-0.436827535451694
-1.05580304668986,0.477991865121033
0.332398437878265,-0.613164542243249
1.14832772362887,2.66840183797005
-0.302934865525589,0.935438704637942
1.62571441938005,1.58066745374859
0.174368225831606,-0.502119926682216
-1.03433989261689,-1.29051461750808
0.182088009532041,1.77378734089036
-0.564911807950019,-0.521956128531334
0.039698692321835,1.84964155033437
0.562050211913254,-0.201671209316288
-1.33968763990889,-0.264510178042471
2.65626392824504,3.6537403654208
-0.422582031620419,0.143251096395287
-0.0718678246278958,-1.39774568961066
1.74354288387762,1.69949052290107
-0.660450390152567,0.00902973641555493
-0.603303344587595,-2.61696453579675
-0.8714533259842,-2.9079278661905
0.783830666902837,-0.0468835245859328
0.996154115867391,-0.510311646237033
0.408597291915993,-0.0665742246042619
1.02326334926849,1.51518539378388
0.275720898485683,0.176057850132131
-0.640280308997445,-0.978796435715729
0.295675943471964,0.523103385273695
-1.37476694695394,-1.65875489699962
-0.695099854781479,-0.464360622691968
-0.0181377768803453,1.95999610687565
-0.251716443961205,-1.69680609929234
-1.41677221394199,-2.04611226025372
0.146992214782469,-0.0723633415219004
0.137388627800285,-0.133833518948993
-2.30610776519859,-2.94955281269666
-0.0776596435088489,0.776743203654532
-0.51345429868322,-0.616663790015891
-0.573334391236162,-0.386739108415464
-1.88028525998028,-0.645536538554779
-0.309076314384526,1.22877451661201
-0.14015067178935,-0.182544162189
-0.206788534055656,-0.131822378874295
0.350933038493276,0.0330832723111773
-0.232281423454675,-0.290354975427106
1.38786123770889,2.55300960756942
1.01716704256662,2.69950439160543
-0.107053100349401,-0.0390587810924469
0.996258480235801,0.115035483069225
-0.899553022856513,-0.581327085936601
-0.15365655064116,-0.538328893479917
-1.53815159508942,-1.98517653750917
0.793181347886672,0.916449760222934
0.930952499644804,-0.448590766647532
1.63200761945621,0.897679782999893
0.00438940291440319,-0.788572638156841
-2.31445053302195,-0.731856863905865
0.899976440785604,0.904165215170944
0.616222011804228,1.03450885370534
2.22895869558788,1.84331902702493
0.482315793578366,1.82540697872108
-0.826434608101164,0.23008587331867
0.416689207949924,-1.30023265214106
0.575739025381367,0.660849164414324
0.738723822129398,0.637645732674454
-0.361531331387052,-1.47957679791459
-0.170011084993497,1.38443683740647
0.346406618582298,1.2169122119931
-0.734065991384319,-1.21222051868322
-0.550430441660576,-0.633898456868495
-0.36862386672868,-1.58035535497347
0.54460532601108,1.44291025987907
0.462295598433119,-0.578519641523128
1.23921068769749,-1.61656155955409
0.302237473144758,-0.193241290521618
0.958099033715991,0.975834766732332
1.09725224579184,0.601533444192687
1.20282293135285,1.46571696548663
-1.79944428782908,-0.586524436865809
0.937041228515682,1.19634778067103
-0.472163856348328,-1.24742566791499
-0.50489541205491,0.58890566560695
-0.525839945435984,-0.240476267063961
0.638267354850516,0.46709244928467
0.781990724232414,-0.188557357408874
-1.4063429379335,-0.0469614579520303
-1.48704755713016,0.0594821507158261
0.306752079799548,-0.157332971443193
1.38837601408322,1.37577777226155
-0.45504415329411,1.84766856413177
0.613408578716779,1.44288789508999
-0.482573818114425,-0.160131631085779
2.94237134742598,2.04886144805267
1.07910161026136,0.81697618208895
0.972190233568497,0.14727858321238
-0.0665328427220677,-0.0384910016195433
-0.781205875727718,-1.75434017291737
-0.774606820951707,-0.00621215244862605
1.29044970572343,-0.459830279229333
-0.359104741266705,-0.775266033423505
-0.378056730082888,-0.947895496786326
-0.894640455673749,-0.614327916992164
-1.96410639898589,-2.72073334592208
0.252818297831425,0.375493924929134
0.866730621130968,0.81783345003677
0.448856453012477,0.875298044841399
0.45082233447175,0.805148019362337
1.75057889662311,3.29506795674792
-0.351874758285799,0.296298663171195
0.796916391857566,1.22962786881508
0.186200881956578,-0.321129241006771
0.0804478348909604,-1.80640007990261
-0.112531382653152,0.663677390280629
0.809026446094254,0.325863649881391
-0.206500943965327,-0.642642747916718
1.50332445255437,2.66858327996312
0.617653280106977,0.973875956952291
-1.36961270843312,-0.614842731966479
-0.71217743204129,-0.376266396204869
0.54631046519259,1.21371885029974
-0.889665547176211,-1.62017908833541
1.14126133058177,0.491627433237349
0.286118012365752,0.694152388632157
0.343680236285491,0.749705034426779
1.02419738410313,0.764305320368792
-0.976586531299638,-1.02552636948063
-2.36810632742256,-1.61809561836778
0.643708038996305,-0.390403166262788
1.9134764090359,1.5645397289302
-0.0530448386556775,0.746126863318544
-0.0469470334612903,-0.902147166268408
0.447999951328714,1.02990714339284
-1.27100542302605,-2.18801470537786
2.08868186285193,2.43180763255101
0.34435290301719,1.382813035729
-1.73151944162397,0.292882489304328
0.513069425935346,1.52304644542907
-0.139645206936896,-0.242647971651807
-0.0993616282621801,0.794904536199895
0.949292526513048,-1.07293753923823
-0.807313629033027,-2.31272435126396
-0.605669013657125,-1.70754329945573
0.209906083195822,0.926598530740158
-0.556597359439325,-1.60571433958339
3.46104937302724,3.55242574982684
-0.439959526291913,1.03147486463352
-0.966615926095216,0.485599582636354
-0.849312439467529,-1.63006522782371
0.137719023423821,2.50284859314568
1.74005228366279,1.4289097403957
1.7556204378522,3.05600391263819
0.436594122734162,2.32616382757902
0.948566745284484,2.95078039485658
-0.971017888494802,-2.96274854319062
-0.477673587529876,0.393356508347414
1.07999644376661,0.869662164717847
0.236797804930439,0.796710824320269
-0.480653031706084,-0.251721125424657
-0.727195455205952,0.408766603324126
-0.343807974777455,-1.41404989265374
1.04620561344286,1.39931805398692
2.64897218594755,2.91619254633142
-0.33580288496638,-0.479326963750046
-0.936523540294731,-3.9332304386804
0.526119822382799,0.139931696384643
0.00910781686778833,-0.630662883886034
0.916562563983849,2.39849305069315
0.344805478048775,-0.622989445507461
-0.286836782601259,-0.893483835341768
-0.142907819535247,0.763390144625248
0.561305837648144,0.631304304051749
1.07574833085716,1.37284090817559
1.61651744104052,0.0396935187518579
1.14136832838733,1.13090004462381
0.628293123054826,0.36812527074256
1.62620815320539,1.31229431446488
0.419518830624411,0.792635403988178
0.0492269002523818,2.47701829046852
-0.254892834017861,1.18474006085515
-1.41822068656687,-1.13466359144285
-0.151071141446155,0.151077309472568
1.08640579681463,1.11866077585651
-0.00862019229819416,-0.526626626668422
0.654939717684986,-0.074831637866723
0.137876305173342,0.352046840207666
-1.92848798972864,-2.28836038946372
1.28563192215639,1.45716153613344
-0.136695532849715,-0.713236254127813
-0.96682435017033,0.0796067322080258
-0.659553306468744,-2.2349159815736
0.122032685771807,-0.657343539121233
0.527895091982839,0.902186052632806
-0.60669527804675,0.944159281143789
0.911465160298389,0.0730379487782609
-0.199705360377398,0.959166031947217
-0.796326400391498,-0.765525998527626
-0.668281742752224,0.51960042373467
-1.27593757011307,-0.0924358601841553
-1.13359440258733,0.30921931186628
-1.02244232406064,0.143285251414614
1.50212991630241,2.57938906501456
1.56860263320102,1.24616355205005
-0.645982529390364,1.10941925011382
-0.381461008809989,-0.151265713579978
1.35354967482299,3.14059150321012
-0.12297301789481,-0.290311434301224
-0.553754922047849,-0.890016581634856
-0.676570673198256,0.38343749052723
1.82649528845873,1.1536895583648
-1.21116094918282,-1.24002235224713
-0.57545335712835,-0.573859288804404
0.0759040028128677,-0.213301615551996
0.872502386066064,0.410564999597005
0.112845888835152,0.405756354117834
0.0590230152728653,-1.23829665616455
-0.0227980456784995,0.00139520602778009
1.19417222891811,0.876161903923633
-1.03458598279466,0.730965649204632
0.638439119157081,1.30340996562919
-2.10576322377761,-1.26879768829747
0.546457317649304,2.00092398716054
1.18828293084727,1.05499041941992
-1.1829083812302,-0.477890421368219
-0.023159314323193,-0.158893154927134
1.21677946692775,0.345104789344221
-0.24788706564408,-1.14488741624262
0.100847931027043,1.68510732887628
0.0383804900885641,-0.735315553255208
0.830905317102313,1.7355752779474
-0.828327519370855,-3.07374811032921
-0.0915853843113814,-0.463605726987508
0.7026738834799,0.260573953581787
-0.552560388494345,0.0169281536287837
-1.7109813651891,-1.4450108583457
-3.23796999790488,-2.69836275025761
0.0529126947680894,1.57806520306601
2.24930209027951,2.5071961956607
0.651807987838444,1.38320992737144
-0.0135666750559485,0.414298556470677
-0.553511339466978,-0.844220713925023
2.33527673293739,1.57405233811692
1.32742539553309,0.804304532489799
-0.122493854701505,-0.493420575115091
0.357912501475689,0.179305057894656
1.21657158656928,2.22064229995903
0.982481423796621,1.17580832785121
-0.100472499487617,0.851861835179194
3.0330148177876,2.80699381660341
0.517801490026539,1.10348717094478
0.237421816778952,-2.52582608425646
1.0915017770008,2.0350649642485
-0.872975155062702,-3.00784122118314
0.933084537893224,0.130345004026264
1.05958254779648,1.04262128292697
0.782768940011485,0.752106357092938
-1.56078621949285,-1.14381567999131
0.168192013136411,0.384582900651625
0.659641437395596,1.55797136434952
-1.56902208005315,-1.50306059310214
-0.0530332091401686,2.34550809096259
-1.63379561697278,-1.76427589185061
-1.22905226298031,-0.481836641340535
1.20573435551288,0.972032225567369
1.40659066542979,1.12293049781918
0.44485848031672,0.416573962425182
1.43320998210518,1.4078336924981
0.221443026932966,-1.0313836628314
-1.26392525491462,-3.16925782728723
-1.84137536753784,-4.37932068417859
-0.463168582850921,1.18022472538463
-0.304309669255259,-1.3083693144401
0.760991642296552,-0.000814005825275799
4.43820734566429,4.27613122347322
-1.30435625773724,-1.62542647843903
-0.274475753357837,-1.06523718156628
0.0213799860556992,-0.0668071772758048
0.20382536555874,-2.01258246922618
0.47999454725831,-0.390313438821965
-0.142770288107903,0.845539571372289
-1.1856655364983,-2.72613426754696
0.188936189993253,0.0660188210949634
-0.642315156102143,-0.00154585523683615
0.840013720801387,0.268917450649737
0.913621662294155,-0.242661366879477
-1.24320480035618,-2.88532066690686
1.27321072991552,0.229075351164516
1.13966135747794,1.24466346369041
0.242620628398623,2.63823787228078
-0.337757958535569,-1.17713001156987
1.35060081090596,-0.264965752795845
-0.407618294615852,-0.965641009843556
0.297490401784795,1.95957910527586
1.27139332791273,0.66883537979147
-1.02212698027383,-1.82485783315724
1.11173646110645,1.61842260318637
-0.0283444931910439,-0.785015043215235
0.56511077025558,2.14922402301626
0.267124148026092,0.680101243084457
2.49655616422083,2.58254194034127
-0.390210633445851,0.148570618450332
0.201321900435961,0.00152517358001497
0.714101641333892,2.04848025551611
0.757077471857263,0.458886313860076
-0.162749300974321,-1.91886564500527
0.281167122708266,-0.608272578758782
-0.475068072594574,-0.864457011960604
0.430336512822516,-0.800188610871407
0.77957502739266,1.92808510993234
0.68379231575782,0.860162748353024
1.47219216770162,1.8117990773497
0.288198370810343,1.20513814097768
-2.15369960262099,-5.02273284824386
-0.506213444502569,-0.463796174184224
1.07917638060233,2.73422647906083
0.887015038809762,-1.21548831350613
-0.377324738756225,-2.73026092786529
-0.770436579509219,-1.11934736353347
-0.962804609688416,-1.71333425270372
-2.34432838668089,-4.37623902638345
0.797760705960005,-0.237749111822471
2.43059202424704,2.08843254864194
1.62329496341191,1.21405041025061
-0.123897028508256,0.420365215346206
0.331287766685041,-1.39069700191887
0.591446234072814,1.13160339549037
0.0920629385071133,0.100086420282528
0.528498901855445,-0.594111135553176
2.1662805158472,2.45287562598032
-1.4198117250168,1.50222786521786
-0.972764805156334,0.574531633695269
0.80269809740132,-0.0172277184598427
-1.12291047380151,0.146610986635458
0.367636282757468,0.00644980442316029
-0.880347122377998,-0.737630149811475
-0.0983470396040341,0.928791076811362
-1.26480011821312,-0.409448155034602
-0.615955599681224,0.477455384647621
-2.46165184413556,-3.6453288342713
-0.0481860819359048,-0.407444860189216
1.5088609108583,2.97798455200952
-1.11834988374804,0.0386026573361535
-0.265513981478792,-1.06778521042807
1.70114842001569,2.25629894611927
-1.00000739294454,-0.217992953647201
1.14006252393822,1.80064553738896
-1.24404102158238,-0.303836251242432
-0.271356277868624,-0.371775526790045
0.408913733592587,0.305369441911124
0.464544903730664,0.466503946422089
1.08789645994336,1.17636889373652
-0.810320056244631,-1.60545092823347
0.262948885858796,0.20717020771168
0.135198448265992,-0.511232078786419
-0.269228118190907,0.980557424103194
-1.02977779787791,-2.37810136532365
-1.029499762982,-2.45277226754458
1.52801256839356,3.69058048513295
-0.247869141259566,1.36993094986171
-1.75847025416414,-1.40080483888093
0.508291324888899,-0.697268235049739
-2.17602005799042,-3.1101263646741
-0.563540674873124,-0.54564164767508
-0.303671300241418,-1.61509438896365
0.601685431704489,-0.561105096066488
-1.41433198448557,-1.0483489114424
-1.2403264185803,-1.86495473929825
-0.145660265426327,-0.146214811125419
-1.11093291586442,-2.3525674937041
-0.647956392107753,-0.567252219844722
1.13851598944175,1.32771464105915
0.112853060321015,-0.039590886670229
1.1129495915714,-0.475175530787332
-0.448627889139836,-1.93392283095956
0.0734750924920459,-0.319773210387476
0.303529470194716,1.63557747976625
-1.23271745034664,-1.92173667942028
-0.532863665996123,-0.805501489789911
-0.273348624466739,-0.0914780211332519
0.0555327201321328,0.438970775346664
-0.702160000021009,-0.846387359314885
-0.206353067469099,0.828436659808015
-0.672173051420391,-1.26436793705102
0.227167616028921,-1.10925035023298
-1.51154755777438,-0.32476325794419
0.217681879151827,0.562757864749672
-0.958031584746482,-1.01281358985509
2.27551567976454,2.9627202228713
0.808794000539323,-0.122287698496991
-0.453691291801621,-1.1160972837638
1.57794488259563,-1.40582186628923
-1.78551662283891,-1.69786772392492
-0.0986596778639937,-0.550730852170909
-0.317248836655099,-0.411966028481725
-0.279542224561798,0.333500582768241
-0.773012119921314,0.427182409931057
-1.95868064203297,-2.77196123170268
1.15954793052266,1.36735662086955
1.1564993607594,0.915145263263903
-0.357667386173616,0.388460738565652
-0.182063924595241,0.534555740633406
-0.38864324698343,0.620681852692147
-0.498977839516016,0.067169413300323
-1.04801777173306,0.0922402607018287
-0.985631172005327,-0.30900723118804
-0.0220301307922414,-3.5927384750461
-0.65595593026954,-1.34052258071634
0.572392243583789,3.05036564727485
0.819567872942255,-0.80072732825531
-0.507946922089818,0.454601783464568
-0.159697722938459,0.879041449176964
2.49997503381189,2.29023132712953
-0.854133555826491,-0.302543832265492
0.187006207542502,1.69853659792995
0.127423884413616,-0.686493268792603
1.19098715764544,0.446994330581569
0.243773449236434,0.479110370577756
-0.302552069182404,2.52744259004866
1.74818899304281,0.226405048176394
-0.378552278547698,-0.923005137691665
-0.220075783898261,0.423110216782144
-0.46543883806597,0.0386624486062573
-0.274383961192731,0.0371262140094284
0.523532340953594,1.19064133748553
-0.390577288594208,-0.0140448582203403
0.446989391967143,1.55460240469617
2.28337368038586,1.64339056930711
0.265289247310712,1.12211612361895
0.329158828571929,0.759635581568509
0.104187860263908,2.3744443985757
-1.42538282673155,-1.40593024504849
1.15997066104222,2.07202132983187
0.414146444185919,1.71707483767997
-0.664943285877268,0.26116638919284
0.832803535305985,0.0857887642188054
-0.525910042270459,-2.25027385515571
-0.603964282981168,-1.64931835625382
-0.0199542299248269,-0.565638915803389
1.72623986140478,1.12637767926668
1.26194950590447,1.65511061117384
-0.741724682261117,-0.404774136268583
-0.991087597577654,-0.571203154458708
-1.55444668467902,-1.79227167031225
1.4741214114588,0.557146961694655
-1.05811536499241,-1.80740725814516
1.10682627828078,1.27579684714741
2.0045364191471,2.65934951048374
-1.27099724052853,0.185222702044718
-0.0614936125673545,-2.77185142092913
0.00655905364170654,0.558716523662875
1.15518731855164,0.884421709260353
-0.955855719834467,-1.46249819544132
0.992171995341429,-0.681200061604507
-1.41668780085226,-2.44188437748222
-1.04727938757862,-1.58911541448293
-0.256049405455488,0.260897903221359
0.741604096876831,1.98417126289948
1.60669617726373,-0.188003908303428
-1.00800317217017,0.201215114983436
-1.57338141868878,-1.96641135750298
-0.889601126247147,-0.314863332848191
-0.714142277653758,-0.250956041724497
-0.0635496677954502,0.453074604632085
-0.200893250395613,0.615612179525809
0.611871934205892,1.4680082712445
-1.38422080159861,-1.06923290087899
-0.404491737691278,-1.26171011177186
-1.08897637671147,-1.24745190128778
-1.49981185581872,-2.10478227796777
0.098433365434854,-0.0837100108693024
0.334497688244229,1.93390245242931
0.0097855346931603,-2.9081742268847
-1.10129025561406,-0.996569425854628
0.730579879016577,0.444409288132037
0.748569790710016,0.603025753570103
-0.174787776635577,2.01596559547474
0.0388250224581767,-0.791284084453079
0.850060178046481,0.742205422918057
0.836284661996181,0.564337187828187
1.22260737382286,0.712617378918588
0.951383952106112,0.136532958233664
-0.778476540780752,-1.53850860630347
-0.965113725526703,-2.798941257477
-2.36777407225584,-2.19637359734225
1.65989327747489,1.83184279315838
-0.780325339041475,-0.842064251399946
3.60664346902173,2.30587342703872
-1.55372130652677,-1.01137447779096
0.674312410415712,1.48134564652548
-1.09083764205403,-1.22864050494816
-0.122430931798875,0.222999771486636
-0.0344203600956511,0.541309244943384
-1.31814060602622,-0.606762470590936
0.519798977728744,-1.24011739448028
-0.575013533464417,0.138506395302453
2.03424478111534,0.32360756833102
0.448623140865285,0.984762719753008
-1.02161481313667,-0.533199578978659
-0.946831202381631,-1.55976658271864
-0.78446549072842,-1.37173040896856
0.50359122924908,1.93096882005308
0.663894730912981,1.60867921746817
1.07622264221832,1.31266761883291
-0.524425774572045,0.72853934511794
-0.0590806395180447,-0.548674497483959
-1.62588121287087,-1.60942730026789
-0.00841075232448688,-0.617676100985745
2.62219962839914,2.74221116061796
1.85041622145531,2.07190615190975
0.148948728092593,0.280433072753799
-1.1036039503656,0.0707231877736973
-0.428035766375922,0.392705557976856
0.316223971564934,0.846924945877608
0.858159549361838,2.29923102739974
-1.93517273556323,-1.83354168844424
1.00758334779527,1.86090231316655
1.23960790252031,2.7909048906058
-1.30845107879571,-0.318345382257915
-0.18731492530235,-1.01580126046621
-0.523958484503032,-0.0552894989682988
-0.770906381861642,-1.31849511564079
-1.05388144935428,-0.800229513952739
0.506657584949036,0.477063374346539
-0.355601933830593,-0.715972189995495
-2.23798379858633,-1.36396407839052
2.06624043912154,1.70285384648924
0.229696622342345,-0.395944472428764
1.24893261741629,2.50189348106732
-0.602443802065278,0.206317765055286
0.623119862793828,1.39492781558188
0.506331589734215,1.76372636613977
1.20694589186241,1.74812048464708
-0.188403053022685,-0.665527028821089
1.09981723681003,1.17952265697806
0.682266769901481,-0.0703990520010012
-2.12167122547367,-1.88875858677244
0.0863538956810302,0.486274017950813
-1.55622050775214,-2.22826581734804
-0.242005510315163,-0.368848830409439
1.3218827756602,0.720480790957199
-0.356260287945804,0.528745961136615
-0.858508516596826,0.763242796369015
-1.26479214408714,-0.641037330849044
-1.0873741848361,-0.365155705502249
0.480418685135762,-0.0336979423770031
-0.257327601697047,0.548377528629603
0.120313797737704,-0.335421483117467
-0.460990250542002,-1.52273319123247
-1.08530833672877,-0.384976483508458
0.900338730557605,3.15987320882918
1.77888607618623,1.10485770414632
0.672972518432692,0.968417843543215
-0.217438470247374,-1.08399508805635
0.337653054270651,1.38313592624596
-1.51506398855418,-1.50181747659254
0.138095445213149,-0.609263051183145
-0.211519651241282,0.139006980982294
0.504667624009739,-0.524235133385431
0.210192782863156,0.774036611936298
-1.00552543796753,0.0544177459222606
-1.42584473203074,-1.04229081553821
-0.715258833357668,-1.15227522425559
-1.55139284103992,-1.53705244224732
0.650305230315557,-0.235386969308943
0.340134427836905,-1.19000368145572
-0.911487298277996,-0.68332794868655
0.684346942652335,-0.445602829543999
0.432869314928245,2.14254661935573
1.41996979578624,0.848251461817793
-0.44593582494258,-0.621046842436896
0.560156783827129,1.57658758922904
-1.19801924950897,-1.21823250822122
1.268237985271,2.78375619688906
1.06220902554009,1.83527866507654
0.682412777112749,1.88661237413816
0.356509445067541,1.45166833511137
0.544831449030878,-0.959772862897727
1.05116504823527,-0.0191900383097057
-0.212103579451776,0.349190657461789
0.734798956052761,1.37629581307264
1.60950100353078,0.837102285050754
-0.356529604379738,-0.645386447513868
1.89826887782907,1.3654509544497
0.252712937855646,0.529483855673984
-0.358745598076838,-0.171906362137928
-1.3626621753008,-2.14357186056325
-0.723346185734543,-0.761400301973047
-0.0761653286138189,1.26345235456057
-1.11464265707834,-1.66543594953751
0.762055625577981,1.21476822563215
0.322463179864844,1.5739368570881
-0.253536832884269,-0.312964077006079
0.0554582938705101,-2.97024267957061
0.370689635246964,0.115945045358846
1.26311954674835,1.44278395932511
0.7478455502353,0.0662243773247611
-2.39238750063319,-2.21137959677008
0.367875768006196,-2.29982907313319
1.51405409837572,1.19803188682883
1.54537534182425,0.689318712883512
1.57852235754661,1.2847566806802
-0.073778544342873,-1.12273375896475
1.0349117876953,0.688708333341184
1.56367526447714,2.65163321041233
0.684064208282538,0.418658083442483
-0.600222132825091,0.201533477209348
-0.0144453067470263,-0.0474618030585245
-1.29348797097955,-2.14704121768962
0.559327520619802,-0.566715438177411
0.311366635963344,0.42935346015911
-1.29193002631006,-2.94093516620193
0.53515448125473,0.108235334911945
-1.33013528857303,-2.00735677536565
-2.95809727933888,-4.13923929200845
-0.47181647000402,-0.636106802423541
0.0631062324262793,0.421916326975891
-2.19078069003101,-2.433206112107
-0.699879235959603,0.407868081664379
0.261446150187502,0.475279560829476
0.119194633578648,-1.35790845100551
-0.243243404414385,-3.11502614551065
-1.07931340925308,-0.512687272484507
-0.0672311695678262,-1.47353931468887
0.658956434491762,2.22991813919338
-0.43497498553806,-1.62928658479662
-0.823613784194111,-1.32872084495509
1.28924079967598,0.55395742129504
-0.384107239814159,-2.78548944371141
0.584984441679896,-0.222696711923627
-0.0190404417806805,-1.20825899115373
-2.96289763162627,-4.46407061324247
0.569961811935982,0.887944882313791
1.54705231753644,0.456079677712564
0.348754541590021,-0.174807376161705
0.962544587525986,-0.455949575890289
-0.677846573114726,-1.10327499171285
0.346000030722727,-0.500862262861968
0.640040510640051,-1.06164234921037
0.699760784875412,0.237534837763612
1.47921266389688,2.33700314801794
0.779025784341033,1.2431482015807
-0.127739563574384,0.0207732429218054
0.109708133933262,1.04430890554474
0.936900183499563,3.13304869059517
0.496280026994857,0.0508200309671369
0.210613976843166,-0.660953823872967
-0.976488657872782,-1.38068969327414
1.74292941456289,2.38139477207549
-0.473309476198926,0.928024636586954
-1.14344636257875,-0.808877667566967
1.4630569839036,0.900063643177844
-0.497432031669779,-0.974515742229162
0.502358122934513,0.274557070529534
-0.368286533014252,-0.170215502166979
1.50555058129799,4.01592782425264
-1.14376464507349,-2.10933832428251
-1.20778710849576,-1.4408643394658
0.84124793305424,0.633924041527156
-0.168993287504809,0.649032192984288
-0.0700735532009568,0.166607338803173
0.582501835320976,0.551354807935573
-0.741441400143801,-0.56688000363237
1.24011101327262,1.09156548179164
0.72735673156358,-0.648086406504222
-0.254093125839417,-1.86911807258411
1.33271617640151,-1.1240631932728
-1.20853756901622,-1.47474605241277
-0.76220064657971,-0.580501866260952
-1.23077536480074,-1.44212179552234
-2.02685002902046,-0.247300431414917
-0.166858122126902,-0.886323758965814
-1.28162077212949,-1.74258114270945
0.439916084519578,1.21451057257517
1.81404375726118,2.22853557145851
0.893926735192746,1.82151298718924
1.4198653871683,0.000885837522496269
-1.93501526169525,-0.913626154650498
1.34439379802265,1.85553056507813
0.0713439129624049,-0.441056976537787
-0.694884787896382,-1.40650008092104
1.46186015322158,1.17706823425091
-0.179768950103451,1.5514140199733
-0.220805443855175,0.272026588497433
-1.2958485701094,-1.49399595147193
-1.72234546953596,-1.25877540246566
1.738311992649,-0.665952603578436
0.277264206784333,1.70844989056696
1.52331544748954,0.374370554822167
0.716872574688109,1.43036217049735
0.350903959584905,0.264690422130976
-1.29983704233518,-1.22152352793458
-0.205090640500136,0.461112585544301
-0.474124560414825,-1.03255064877322
-1.18511221949377,-2.00462280215409
-1.26150597483164,-0.994646609840209
-0.0942671898592719,-0.595982965164865
1.43104182615723,0.250556902506801
0.0957376475214705,-1.42694068876625
0.588398492815396,0.543461187406132
0.406069825557635,-0.825201883083224
0.27663944278495,-2.26219943406485
0.288535807891391,1.00760895620207
-1.37753491309945,-0.539799133986166
-0.503831336170669,2.29334176223994
0.711306836861717,-0.332882538517727
0.203990620760457,-1.17220049422202
-0.677895542628911,-1.55015800155662
-2.82822210676714,-3.28026920719843
-0.776445122658611,-0.973019357994053
0.135733231576191,-0.362780925396203
-0.0903629143979497,0.0217361803597486
0.0647449567052748,-0.494109340641531
0.852614021241809,0.560563815516113
0.861762619617178,0.878867048047129
-1.21773496595626,-1.68391028426073
2.29925107489137,0.976396455743918
0.535233249945166,0.946548612067418
0.642490833292786,2.18537259772924
0.266039113594349,-0.89904601905554
-1.33167260664658,-0.176860228570089
-0.0707248787730366,-0.745182550366058
-0.433547971014553,-0.243694306183493
0.138493522567282,0.0399431758504233
0.478736531485563,-0.98877809918729
-1.24609021165033,-0.604113799914669
-0.456571754647575,-2.13505945872829
0.0478526125288943,0.965697379501851
-0.267834345847486,-0.0615490047455158
1.20594446510794,0.641998807437516
-0.161540208625811,-0.594653804811383
1.35666991383281,3.13290862205874
-1.22364387416053,0.570587463480754
0.611835731507279,0.158197155838159
-0.807057476405043,-2.75433389663201
0.71436761254977,-0.155877365336783
0.838788364569675,0.801590937291071
1.67104542358793,2.80125666579535
-0.308211616565745,-2.21547271915259
1.51037784902829,2.40269657963253
0.0675439813082743,-0.963224971309533
0.386109466921179,1.3655386685182
-0.81284818213665,-2.82736027820196
-0.378617342858489,-1.25080218852631
-0.0380704222619294,-0.844692392094209
0.244594902653729,0.196122788525236
0.543458040138099,-0.184371182647403
-2.15175334515454,-1.55824829076088
2.20470195234445,1.61186067235585
-0.808955207289257,-1.59663138521622
0.325488519819974,0.434722229948229
-0.29201013526449,-1.8556151518867
0.62704253474143,2.38675457028602
1.67112209950566,2.46186221432216
1.1548980491974,0.350819714979659
-0.537604496175334,-1.17237322686739
1.46327510126497,1.99278026969557
0.672204017713434,0.749038416421976
-1.03875799614654,-0.786245084410245
-1.88630384036284,-1.68034948439838
-0.801069772413859,1.07012903526911
-0.687304700962085,-1.76313624111683
-0.85219377254679,-1.18917642774755
-1.02604610255241,-0.705126130868759
0.0423057212386388,-0.034056648001784
1.3708027932714,1.13057275826757
-0.414207745803912,-0.535155507824036
0.294662630300445,-1.31383059713812
-2.58166214823172,-1.55928075704901
0.54196818285888,0.25879013287536
0.396228674046512,1.49728775085226
0.18509634050852,-1.86512222556233
0.77118666138688,1.36984306808794
0.195092017966924,1.09700161966427
0.585815271122628,0.40247508526454
-0.362448211155963,-0.307523616742418
-0.250415725088475,-0.258008956237494
-0.446223617226844,-0.339200735727014
-0.911650412981597,-1.55523568279861
0.232126655610969,1.83959325409986
-0.795852901844154,-0.520439415417069
0.730165246250111,-0.2894787996787
0.166683955959983,-0.0423128237338459
0.67230724443235,2.15988315914526
-0.307199393088412,0.726741620314542
-0.250838425429902,-0.468048624103374
0.656417747679543,1.79233018424667
0.668505251079941,-1.49060802146951
-1.8446890754496,-1.68002261745768
0.158496305329897,0.268033861730935
-0.721705695704157,-0.107082608179403
-0.680591321328839,-1.29021064676575
0.215981465179873,0.0730744420553226
-0.181823073335884,-1.46511057911691
0.210750307666302,-0.476917162557418
-1.29779305697085,-0.288077560194046
0.469443440595417,-1.11220266216508
-0.542782256113282,-0.175607538635518
1.79742773524349,1.49588463859164
1.42748283594866,2.16063256183421
-0.713121220355713,-0.245535882928018
-0.694590282253878,-2.50499194367281
-0.39048554530722,-0.981509625830841
-0.817269253036343,0.209932341512559
-0.0544470236481825,-0.548088240677304
0.324959093659312,2.15026937859692
0.917482432608902,2.41329750200162
-1.01296657733123,0.0123639678502698
-0.359353608167704,-1.15684159978761
1.2095770660756,2.86301922059879
1.05955862682331,-0.0977520719814027
-3.25327067025551,-4.2308861511521
1.04031783338518,2.28781674180228
0.154928781054853,2.11409941489035
1.22478658900675,-0.188381692217375
-0.356715930086052,-2.05996712485504
-1.75484832912928,-0.6986360394144
1.49064102844521,0.97593273206406
0.586461291058762,-1.94628569798292
-0.0109281069934972,0.911306719413874
-0.313791995829427,-0.00630042341424225
-2.17932355465265,-1.18366466850951
-0.954935342701093,-1.47241747131181
0.168857994813302,-0.915069511341191
-0.925271414405087,0.211742772765818
0.430215837673077,-0.383866737298942
0.848786903300977,0.474138829325284
0.523302968859751,0.08300072100471
1.61718166601418,2.34335199015617
1.40134914356274,-0.0833019624180782
0.192615751019697,-1.69451087535992
2.51422468879665,2.90227484196148
0.2605167210489,3.44035485615555
0.459969075816375,1.29934918720356
-1.19873766352121,-2.20695664358351
-0.506960143317088,0.271554235063758
0.726231275786913,1.461579176405
-0.838235109858868,-2.31548216981663
-0.783822995988381,-1.25335671782653
-0.411333103966615,-2.00764896669043
-1.70364809750499,-0.0330585659271003
-1.51096681936692,-0.655110860199321
0.28193718777345,1.04103639905571
0.395813366392398,0.951967128207454
0.763966515028062,0.96704560710179
1.32164510600051,0.696843929736406
0.0294117667729258,-1.92778886373242
0.505267275575196,0.41567115915371
-0.580594107054733,-1.01636988772403
-2.10789767572868,-3.49131316929186
0.643543489090963,1.06242261885592
0.181234230241222,0.217906707231278
0.135654898555728,0.141299953538283
-0.149567080549232,-0.124359117863129
-0.260841057927647,-0.00171396808843821
0.0618492807556194,-1.09755417228637
1.60834857884608,2.06906182361617
-2.04792929753297,-0.10159464219356
0.609738297971103,0.638744560163398
-1.35468787514549,-0.295061153466047
-1.40632693039609,-0.39951879320732
0.391445522177871,0.427348268781205
-0.927708639186499,-1.0482302267684
-1.15459019549089,-2.5753297642575
-0.260855170605463,-2.02337350860714
-0.531241095164296,-0.500874854740728
0.428179919005421,-0.25730515693566
-2.72894045237357,-1.59133218512552
-1.37911934236366,-2.94184453981575
-0.719862025224624,0.0303682978694261
1.13720815726738,0.51660262707057
0.0258243702261593,-0.618812432816892
-0.60584542779488,-0.263829363342587
1.25108944560034,1.41983304639622
0.0422047745746133,-0.566326930609071
-0.728693806559732,-1.92729333201215
-1.82191821282785,-2.1115397399235
-1.03771315583468,-1.81616995530736
0.965646980777322,1.30930417228648
-0.806212489433061,-0.975264284045737
1.57781936973007,2.94940958731895
-0.946984868316058,-0.277058603414106
1.86077166865138,2.41859942001255
0.865839547370839,1.57705881103819
-0.0134535053734924,-0.635020246617905
0.533098265665735,1.20030270505283
-0.0360473037866487,-0.407031123352743
1.4424377134857,2.22468792783417
-1.39419215836978,-2.45950289131186
-0.886935409651426,-2.06729593828066
-1.29632767355367,-2.1520675796848
0.128036784904994,1.43454602494949
-0.99328819505922,0.0131792563352507
-0.0752355938956081,-0.175580965207983
0.70381429351989,1.07166388059457
-1.4051624387043,-2.74060394677694
0.187157060607692,0.524792404036246
-0.153225111226161,0.659109783110718
-0.967586247233743,-1.07972374495541
-1.32442733811773,-0.861594788539584
-1.3582083241015,-1.58452395459647
0.529899291187952,0.773432206595726
-0.911608125485857,0.364818072080145
-1.01650322801923,-0.312932072215448
-1.80411507414079,-0.308878165643227
-0.337277908272979,-1.15810396785903
0.351306227544038,1.26019459104756
-0.0776168656203759,0.407334384247724
0.990253142983969,-0.143008236789167
-1.92605732986165,-3.29957651503533
-1.27371087058415,-1.4936415441241
-0.859598902627877,2.3183001273009
-1.82725394251181,-2.35477666255948
-0.627970042874014,-0.950737662796187
0.366458840756127,-0.258896529450159
0.741478221911591,-0.0387490425087046
-0.879214150674164,-0.466180854519097
-0.382716724255579,1.50484826916557
-0.2383086825853,-0.449198879066197
2.26476601372511,2.07945567806604
-3.51469679782035,-5.32677651586923
-0.793849234875949,0.185911297564091
0.1267890759124,-0.055490487670628
0.749885015757792,0.0299872287186959
-0.0772850943041085,1.02497173658149
2.2260175808457,1.18153803225796
-0.346956902449622,-1.04510614820901
0.475920059929244,1.42533650803158
-0.326878417156481,0.653208781208821
-1.46885894619607,-2.42203627501345
-0.763317948272566,-2.77912012865921
-0.814724740189245,-2.29182190860082
-0.68199019377354,-1.94282175622833
0.680169979992152,1.40907500150198
-0.0132785953135558,0.520095729650322
1.43152871028034,2.59062292023831
-1.36443086512678,-1.26710006211594
0.332884541965143,1.04831839884997
0.29501509734702,-1.1152565843416
1.9146672334423,3.29176759525447
1.20481622740374,1.00437973483347
-0.40379214097395,1.17037166156274
-0.165596311460294,-0.819282469680942
0.506978555529516,0.205305231750315
0.326982697372316,-1.23805932333959
0.470993910552438,0.386955279646551
-1.01064450719528,0.651426479165427
-1.18869037642995,-0.148359743371463
-0.518505511424756,0.598812769739429
0.884503906391282,1.41313242581332
-0.0308551325857625,-0.375279515738056
0.904843063235566,1.79748560488307
1.10222168305598,3.10693374251123
0.503522237634891,0.974393367710612
0.65018157878594,2.99539213086394
1.30554596256944,0.562471727007272
0.0283604786327555,-1.76104821740706
-0.28923719630736,-0.545535764039579
0.311193991322912,-0.236693906736247
0.193662689548025,0.721588848797824
-0.812414874157343,0.371565471060733
-2.12314867359022,-0.231326207230685
1.38322012854046,2.49149182235502
-0.691447528913451,-0.818563915072371
1.48519425338464,2.2601052062361
0.288073768969555,0.231526955821196
-1.05677257973373,-1.56980214839924
0.337601004625938,0.462164627571714
-1.04698172625289,-1.17497920026873
0.891109832373407,0.549429893079454
-1.5357599745784,-1.54100942402203
0.0462218044668665,-0.36113599300928
0.409395826409261,0.909527286716668
0.401956867758359,-0.681118256033183
0.773646656138363,2.1003432502522
-1.14094608596924,-1.7258561743904
0.684983965986115,0.725056867798963
0.30318864068786,-0.272687291821114
-1.11007510135542,-1.57856136955093
0.654980728197937,1.88477632507804
-0.0585170785062376,-0.840833954899941
-0.965132311462637,-0.76973978000935
-0.45818511456864,-0.0748021825153575
1.06498221750669,0.682797707661295
-0.488060309637533,-0.392393435342135
-0.276321237482295,0.523162505169225
1.18800237851083,1.13150197919385
0.872871804706039,1.98624922964084
-0.554272064713859,-2.32546764357828
1.12941920170298,0.424265552308088
-1.14547660982152,-0.854609029890852
0.679794981785117,-0.885932180105503
0.321854720333048,0.761999201017978
-0.627060406364175,-1.16378277543174
0.236700399985108,1.19869425481871
1.37167452679458,0.838188909031585
0.198692423798318,-2.2256548688823
-0.12714050209383,-0.918192075637768
-0.162427272903509,1.59493486493473
0.419715385583359,0.715153138593438
1.66808179899745,0.887697184974321
-1.78803182677669,-0.134537694725327
1.17711249180808,1.05774427135416
-0.840002733879533,-1.42793812971582
2.62540497791003,2.91142780368625
0.680619580058809,0.875726674432626
0.414691414574847,1.3026429522254
-0.731036561002359,-2.23934805815975
-0.633923004899598,0.0571962656782093
-0.343027381501652,0.254495456035487
1.36672536004442,0.571736110841902
0.790885388710584,1.38682712181086
0.215152882079686,-0.869765408517342
-0.0068238470737789,-1.51298027657549
1.51333679410235,2.03949409364433
-0.200999285996721,-0.164416536461295
1.99274378048777,2.23020692278384
-0.973487958575933,2.24276849962358
0.561849337109708,0.503082294713572
-0.659374928701229,1.74983061315911
-0.640166227409687,-1.31468102867831
0.809875503488596,0.861213029551151
-0.930406379983926,-1.07521209806456
0.566549464891319,2.77866719232063
-1.16255577702863,-0.654361054524809
0.256318394719998,-1.04752542096764
-1.41445149219296,-2.27671363993348
0.239394516554111,0.054438641682737
-0.67132644634626,-1.7119751275746
0.675807853841996,1.1991650914129
-0.927317499643279,-0.773098089932177
1.87933483773652,-0.924896875686273
-0.302539887329369,1.57416234457887
-0.580088336129734,0.0916431401763642
0.968539664039363,2.57301600345032
0.542880583500668,2.40905683654536
0.800209263248417,1.4071507988779
0.0543393557018259,-1.06289613162072
0.326410507602024,0.71864409799852
-2.06659288040399,-1.55538846504623
-0.590980406615346,-0.0671505223566609
-0.458679264243488,0.20416738100018
-0.0948368508638192,1.19459154286609
-1.97996668318949,-2.99485651410355
-0.0275993622160246,-0.290929892866198
0.271715798332865,-0.64350201499033
1.65311806232791,2.52752349661343
-0.0555644072054206,-0.530342631500184
0.825308651536576,-1.08735957641043
-0.250119752215405,0.491860503695034
-2.30034152383185,-1.99084884215253
1.0148589643499,1.20893072624478
0.437342787054791,0.555789541975235
-0.160688985784771,-0.779824846960791
1.08897397204931,1.88721372400002
-0.0942020507648216,0.20726563456383
1.49910283669965,0.271718539339551
-0.599148816093474,-1.44711451125272
-0.150577451612803,1.65075038601256
2.14167826458538,1.76592436735148
-0.0127010849923463,1.04646089158071
0.526587218791418,-0.960330123331148
0.717570344403226,-0.597204091779204
-1.45228729253282,-1.30119712980107
0.137285835403329,-0.223227842267913
0.701363560274169,1.08866761181985
1.46158985128834,0.185811496364454
-1.42892891584598,-2.40703701617699
1.27074172871691,0.573525381976071
2.03680139228726,3.14978313344569
-0.303329035035792,-0.0843288839589837
-0.603289662875238,1.59746705912157
1.03627048160104,-0.0798604364468036
-0.784538977044902,-1.14004831196833
-0.740650377043357,-0.29709352501654
0.16260901063428,1.25414395409186
-0.642923608971507,0.256654037580576
-3.07258886232128,-2.75125015263566
-0.310139352468501,-0.0635007360813981
0.373499151413409,1.81130505669849
-0.903669667035493,-1.36354395672568
-0.332269561106676,1.36232266571693
-0.0940304558017628,-0.514921991478514
-0.142710464214806,0.339031176121015
1.16249838874034,3.7354145487155
-1.771707805248,-1.51617434250175
1.04029750629405,2.15216550505344
-0.190803790980839,0.0561053825502627
-1.39112094772274,-2.72065527542334
-0.0385927143858014,-0.920450087333913
-1.26610194995617,-0.30608364875478
0.977392406360647,3.21953024455311
0.0209113107323391,0.740380830859727
0.74155983801769,2.00591461839099
0.129731954720321,-0.268492961223391
0.5257230425078,-0.666399506817088
-1.20128644192838,-1.00872287356438
0.798672602799177,0.677469833204569
-0.2284656454617,1.84027040705479
-3.73620779121875,-5.06329668002955
-1.30462306728194,-0.27991250843225
1.07436627804682,2.08631742156163
0.407785869275144,-0.979334820348026
-2.46466126700491,-1.31050977206766
0.754873418263336,0.0173330997152623
2.43020014132652,3.53049112057027
-0.238801127800762,1.97996483428403
0.99158244861346,0.755405778327359
-0.825906522849027,1.31953552131628
0.552139788995182,0.923807839306144
0.310769119265391,-0.56414824835088
-0.479474603803743,0.388315083265859
1.18503843891825,0.264804458246217
-0.238923647540847,1.02553113672989
-0.709006202545291,-1.80045513515794
-0.697185628443422,-0.339218940465166
2.14795359371479,2.77367317843309
-0.124327774231149,1.15945161278463
-1.39269507278949,-3.25051651348927
2.04129909904893,2.06875283865731
0.25234202463384,0.167660646104826
0.806489194932235,1.30935681468198
0.746091713166506,1.97250107448754e-05
0.527461346578696,0.507957922394349
-0.985000872045665,-0.252388399874881
-0.188924909158816,0.310559236949211
1.33960648452845,2.23354353813488
0.393757011181955,2.00357764773722
-0.678004605582976,-1.23806710042087
-0.034736531949208,-0.0111217854803357
1.16039492432856,-0.131062089168875
0.372974441015464,0.98833596039415
0.975658985114933,2.27815639547327
-0.744503647142244,-0.427105645831871
-0.509132571730171,-0.87362939040905
1.77361316910218,2.95385875106578
-1.45499788705936,-2.95284243015388
-0.488587207732464,-0.453466316942047
-0.499032239659811,0.947593472983169
0.159491227145155,-0.459412958686506
0.587657622857755,1.90193246172599
-0.271882205817628,0.146323583203207
-0.415432824128116,-1.58844869419228
0.661970221435874,0.0379062421719167
0.0535080682159558,-0.588038115767346
0.632715614974132,-0.825456006594624
-2.06670101229823,-2.18030449550953
-0.157856280707034,0.0285901820377083
0.279072589267097,-1.6150619552998
-0.381634569011971,0.0496271547395367
0.725829865726043,-0.161070687793579
1.38524906932512,0.464081816401174
-0.0961440624039515,-3.04060120832361
-0.605368943931267,0.238917182192388
-0.00571399222423734,-0.900049505029356
0.644742571516457,-0.223389494952969
2.19618935917345,0.125899258037411
-0.244165783722826,-1.00237169556998
-0.112601220077418,1.18520006137565
1.06963446624573,3.20353678797622
1.24476293627926,0.762060384712111
2.53288363505959,1.40555660124392
0.470362125432875,0.321805109704488
-0.26609658400258,-1.49524797560802
0.775174128709214,1.68443512597736
-1.61712134623954,-2.00445637081544
-0.88620913112237,0.00356544491313349
-1.93877909062098,-2.04691465876712
-0.492057346033204,-0.52093271963738
-0.511309149564609,0.140404614347449
1.21263984203465,1.11474462330117
-0.945774031075028,-0.736154145689886
2.70277764549527,2.52893781699429
2.04424861059899,2.11143328537515
-0.377481190853992,-1.66812928872244
0.871103606714715,1.10465358339442
-0.982937117817029,-1.94219024885622
0.729146956037699,0.831375053445272
-0.862737600785758,-0.131387215260789
0.907175955190933,2.51134804186008
0.916981708572839,2.28117931907488
-1.62558611602323,-1.17340487531294
-1.47074285975728,0.110380295278653
-0.272832654313975,1.54303673046672
-0.184070832353864,-0.264841671284209
1.26513898572738,0.654373352215157
0.0272696584581217,1.12846410906602
0.364472531942295,-0.233250681383044
1.0830752470053,-0.024311608478053
-0.258083989045289,-1.877818785337
-0.0178284542449847,-0.243404800709666
-0.560775946567169,-3.00340730706841
-0.321657157312096,-0.746202091989538
0.441461019024363,0.709294165740814
1.09703168220302,-0.281281458850229
0.082872458499857,-0.23180578030139
0.695668702262452,-0.206135366484807
1.38736628023192,0.874352283487994
-0.836097705289525,-2.17212822584029
1.53270155268529,0.335482416790603
-0.939292271644785,-2.85028667878129
-0.71250638455924,-1.1147860958743
-1.37762995931468,-1.09183173702678
-0.703235903487227,-0.612905580188706
0.707083248637195,0.489532344772296
0.242063941308436,-0.353011491133858
-0.0917488337449625,-0.0516290605729615
1.56132446444006,2.02088542289135
0.0456037122172213,0.718647042657908
-0.84733608249399,-2.18596663206167
0.674733546502342,-0.268994063321707
-1.3321841123748,-1.92437015509503
1.50850518553644,3.19624375473009
0.0608232524519723,0.0973866993722379
-0.0394983191540655,-1.53708192702932
-0.655528187937552,0.0225124223788031
0.237659455480311,0.236953664224874
1.78390840837902,1.87918003643968
-1.15676462299418,-0.831761107905575
-0.653004981555839,0.940457304858904
3.06992123571482,2.75093167445635
-0.0049002529888686,-0.0252956364085902
1.19341601957691,1.37171030063621
-2.06496985926526,-3.26282814493016
0.423861966266016,0.946914925007057
-0.650192840528479,-1.25601961887624
-2.27235436128458,-2.50838859344778
0.471450483719668,-0.318506263562177
-0.806285259896965,-1.67980983530556
0.617071101326881,0.771186523062603
0.994416952688014,0.762028604843345
0.452029214796255,-0.731992728713313
-0.19236578413451,0.565198679910395
0.0860378722716218,0.17739904590888
0.712127988615749,0.310534862905628
-1.10140824893628,-1.48250513576033
-0.767968731799908,-0.0660624018321684
1.03341229180525,2.11556846410978
1.00045858236653,0.617124600456037
1.18262612934716,1.93794836996381
0.519289129916904,1.09778813284978
-0.476860303881191,-1.42683172077567
1.07909858468919,1.58542514684249
-0.121431005613193,-0.348153632227934
0.334379859757534,0.540517993158537
0.791778130488568,-0.143598186120815
0.652407992933966,1.43350479304292
-0.473363830478779,-1.1251550318067
0.0482816247734384,-0.780530795289455
0.971974526527936,2.25359565902149
-1.77755743415811,-2.68128700843861
1.34162901940295,3.06109052703181
0.067464831555359,1.85835979377012
-0.635278524033707,-0.106539090014087
0.84554047518931,1.79242980382761
0.24773586386468,1.14466922581283
0.649581435066182,0.209186319234596
-1.82348871733482,-0.582900866128571
0.0447839588435362,-0.0152693570902704
0.770552148318165,-0.867173174922559
1.01828130089341,3.62031660691246
0.837467200473923,1.11046287896227
-0.244102885988707,-0.034715159290184
-0.565434993894683,-0.307653337243173
-0.42715736999969,-1.33441552716632
0.350412130962872,0.658467581205066
-1.03542852099211,0.122549790935874
0.896227195458909,-0.102902735268114
-0.282655784500201,-0.749569426653388
0.0836733746214346,-0.103233134421327
-0.81655456040778,-2.38612410552286
1.57936105768601,1.32041928628434
0.471397257639307,1.64280057061071
-1.12323401237578,-1.22880349279943
0.822463654000163,0.979739157294749
0.330856851569206,1.35883254328201
0.443356513351052,-0.185377680754041
0.0228481712280253,-0.665920595674577
0.856096609896575,0.33663639812086
-0.484450454322543,0.582270108357943
0.131762987902741,1.36813655797277
-0.632344099324744,-1.12064216476518
0.0870283716355193,-0.537357835117979
0.276432347292722,1.62366447875799
-0.575693633523627,-2.24872468957638
-0.733841556019554,-0.779940476880432
0.774854080542104,-0.753507367902382
-1.25495725485648,-2.42730213718223
-1.08862604759907,-2.13287881860753
0.0844176287108875,0.20388728964238
-1.23665952184624,-1.95251186304571
-0.883577068304792,1.81794966347046
-0.672628126927904,0.248085643686022
0.335553192696146,0.677065515823874
0.39477626176515,-0.328053062093342
1.29328307301755,2.62442725584232
-1.34631936224245,-2.08281954147397
-0.230140738816609,-2.43014672094212
0.828020800748946,-0.286357856191068
-0.904726327156914,-0.630337999506577
-1.92879348064741,-3.04181535621783
1.03718402254496,1.30100634738005
1.53315445012524,-0.00411752077022398
0.347614822767704,1.29271859895043
0.901127904290146,1.38720134976126
-0.481514098290228,0.50648360812607
-0.297152471439346,0.0944356765903472
1.47589918013071,-0.331895022967708
2.26927328630718,1.38661598206996
0.411752015417512,0.45730670109541
-0.0838136167449889,-1.47875272408246
0.524670085795655,-0.473031332729323
0.740414208732353,2.14372691879977
-0.261494295963147,-0.894470042089057
0.978995176736469,-0.0656619414446555
2.02590629437856,1.44663686419823
1.53153130683511,2.29759592966813
0.666834508335252,0.0441112261732229
0.987508220442253,-0.569191738061312
-0.130496408707337,-0.297326145290147
-0.670667769358736,-0.411865360291108
0.123367596873845,-0.135421055564521
1.24650963022155,2.46523589532515
-0.127110060878127,1.77622761680608
-0.288204956433213,0.628703898726519
1.15562708890745,2.26549364310663
-1.11775053785692,-1.22717508854651
1.07967249860487,-0.0470135722868046
-1.8747362110052,-1.78120453063851
0.346825649215818,1.28871213051702
-0.912360962796163,-1.4503951774021
1.01713578264599,0.712987813014337
0.659594125995032,2.8387081264783
-0.0336648785908433,0.0528423303675354
-1.05761390429861,-0.21902802534894
0.583965817070232,0.0678154927707858
-0.390787459805725,1.30700537426697
-1.04893669143023,-1.52149698126404
0.806597440618172,0.807493545926342
1.35441303296727,-0.198883614382996
0.0269684562644758,-0.350206247942097
0.855376603635253,0.673150313660095
-1.44217477725521,-1.37058693143675
2.11747814864249,2.41971347232318
0.580104683311558,-1.28116775155307
-0.598681367962226,-1.22131205535356
0.62444905851401,1.4016264249075
0.790980311985019,1.84124591851959
-0.291212716561922,0.466686813486092
-0.275897466984194,-0.544084944973653
1.48242317745378,1.58682880184739
0.167685853805987,0.153724122397446
-0.880574678855965,-1.28444738998581
-0.0481303048885098,0.062545927853405
-0.0311592770428469,-0.896180728714332
-0.584781434298543,-1.46063730482001
1.49965667770602,0.753698471510786
1.93275310176299,1.46405176200395
-1.18133105432283,0.964986339745354
-1.0522510927112,-0.291647405044616
-1.7649948398962,-0.618591439392835
-0.105148772698914,-0.411980191109861
-0.0414892102571995,-0.267708404024508
-1.18458281914669,-2.29103247530553
0.788702277361198,-0.765160111206964
0.0141628802494691,0.441877855018162
1.08442595280566,-0.709228090766636
1.79679796422479,3.52539372205922
-0.638413288205655,-1.90750851207757
-0.711808923947913,-0.984915377522424
-0.73733946519029,-0.140603995017901
-1.09695417955064,-1.73813249481576
0.047869522158202,-0.123038219598126
-0.41911921140398,0.949133820850146
-1.70996472683531,-2.9250439160672
-2.17702939400865,-1.24136151307234
-0.46862590531682,-0.244635453355386
-0.681381452657809,-0.266997558919819
-0.540022345099315,-0.611562120360741
1.69715773575552,1.18779701474596
0.135111645430464,0.521683543163294
-0.0869526762993437,-0.433696195271946
1.58632212038035,0.0939142580961787
0.147185282465362,-0.223343922944509
-1.03526719432213,-0.635520840442295
-0.829113155344721,-0.202972500209802
-0.0309508056527011,1.00314793530825
-0.125544498754424,-1.04693464222251
-1.75813599025218,-1.08307611818952
1.00603695503931,0.0884044564918276
1.32567159264226,1.92434555547312
0.451328231405567,1.40979615915124
0.935750259305971,0.0209944233795216
-1.78606415315982,-2.8483120785931
0.305046938879426,-0.4531157035182
-1.14768341953858,-0.77415098287928
-0.856059522450813,-1.04931661599349
1.09557357455212,1.90094891709279
0.0891105758580327,-0.16647074946868
-1.07337549845248,-2.01603450667544
-1.53629853659848,-0.382171649782985
0.308906397196544,-0.404745961399725
-0.908525019101214,-1.60440391436337
-0.274776427118322,-0.747900479981903
0.0178449708407731,1.73141135081148
-0.190443082889666,0.245390307099108
-0.17366881076877,2.04059080963324
0.75277428891518,0.739834717389909
0.919720148525486,-0.359466133298653
-0.154338635974535,-0.115836515524216
-2.00358469640114,-1.45669891877437
0.853463074332437,-0.33423830664076
-0.24599605464978,-0.503297227205638
0.554351859457374,1.46700191583563
-0.524823508772164,0.237186765688906
0.522584908973065,2.4815732427169
-0.918138467712334,-2.33544097419318
-0.290609465734036,1.1128506900701
0.896276651485322,2.01434102220052
-0.0887173174773662,1.23674251710071
-0.864173333458984,-0.802651285263763
1.15496800317927,1.80065319759292
0.471507348026827,2.2244121969355
-1.01356245783642,-1.55772393861011
0.827167194709645,3.5267329857881
-1.8926596726873,-1.28363013483717
0.141574567439455,1.40657100823044
0.892428614175384,1.57168168792105
-1.83429723494719,-0.853590954928807
0.980547498326498,0.549432382303168
-0.4746585707939,0.36731636741715
-1.21154929387626,0.401033099623903
1.84130062201636,2.06589110907031
-1.9518013528394,-3.53897674587327
0.161909883402566,-1.19346044254928
-1.28978609326225,-1.97675622202934
1.91323756377705,1.9139224234851
-0.356041340744607,-0.123806025521737
-1.30473834991378,-1.29202371079048
-0.0968475517014574,0.473883023131977
0.651110635020819,1.05396206314049
-0.36368420115672,-1.17158008824008
0.0106268830776166,0.660476670101382
-0.0637771925371962,-0.558008815446447
-2.23961953575861,-1.30189847970835
0.994284691501428,2.81475549871695
0.972589884086684,1.60675110064063
2.01788901490355,3.95125429312149
1.53779221828181,0.46282752170733
0.252350701518336,0.176415030604517
0.0791584784072246,0.61128892004541
2.3476745878474,3.83379634213724
0.408335142133296,0.778589211358167
-0.391439931865546,-0.07450703980709
0.494390961922023,-0.798956548811534
-0.494383919197466,-0.369360671804721
-0.82023106479439,-0.691273475540901
0.482979091303052,0.199702587556174
2.23686746856048,2.19213002966814
-1.45425671463525,-1.47937889491335
0.344907009529727,0.191818999498389
-0.513117579933042,-1.35087343676869
0.422910842152199,0.384288111558648
0.746504371921633,1.28311613415564
-0.0389321376710566,0.978180910191405
-0.907703954666212,-0.691858677700284
-0.580640792928366,1.87136572207184
-1.6739777888798,-3.02567774381015
-0.096335418709006,-1.01413316124922
0.408344443124901,-0.946517571607018
0.098335122118519,-1.13182696545005
0.183724006646387,1.15655955080914
-0.75596599556354,0.107171896812732
-1.93046792893637,-1.97077273416258
2.74504544098325,2.68908539507291
-0.618158012833699,-1.35966934710254
-0.54255848926535,-0.59929427317629
0.777659182072851,-0.173530654751686
-0.364677238999044,-1.85550645623569
0.468659332077384,0.232199701476246
0.158035482637194,-0.293299759388901
-0.293323086036124,-1.37020815656382
0.694145836759505,1.93737945471087
-0.357635805557693,-1.06706490198849
1.59601942766478,0.728873846182252
0.533725147889837,2.41899606317782
1.15322775020266,1.4918436326771
-2.21710618295594,-0.918171808440857
2.18273824059389,5.08277009697736
-1.38711073851153,0.738312820251509
1.54695605403007,2.97586234121181
-1.89503104882813,-2.29672528469769
-0.515648798446373,1.21463499057878
-0.971818059707923,-2.45947518340154
0.273930059609873,1.53537934610719
0.943004088687567,0.279830359870522
-0.216229225386508,0.118993422020796
0.269950973624907,0.876980038319201
0.808462110906183,1.03779321734323
0.0426362546181818,1.33494615808694
-1.6479872334812,-2.48018060730093
0.791725669583985,2.00859473043884
0.297399576300888,0.702597749760488
0.554584993394301,-0.370466892239237
0.0890685833779667,-0.959363717501332
-1.34876027339646,-2.08570771216944
-1.41331271211033,-0.966442042603563
-0.938182797061457,-2.40374472692944
1.47708674965098,1.86950905847028
-0.874169327762132,1.45425387964869
-0.769959847340832,-0.364311332841921
1.08036138745084,0.52289012755415
-2.02396938280326,-1.01695065515677
2.7392479447218,2.94075046953713
-0.652792047478999,-0.089548760484953
-1.61533327109655,-2.96902014814505
0.933131564447832,1.0933601837783
-0.480878491100009,0.370440246801653
-0.422303483351758,0.66984887791769
1.1444850988783,0.834757491136054
1.01217931125357,1.29655952244394
0.0452326165874161,0.30978121365596
0.0676833127666455,0.429764629717316
-0.60780049260269,0.0820605849294369
-0.180513822855242,-1.36339136638174
0.730848754342404,1.12758548079317
0.107691465091351,1.82874978431522
-0.565177346265258,-0.475486446383352
1.29204308152944,-0.268178006995112
-1.2134608901212,-1.17428946046465
0.241071132805545,-0.925434013034679
-1.3823811633188,-3.57187103884647
2.06027867529636,3.01938761324993
-0.358189535662881,0.321515677748363
1.02260364688437,1.5760637924712
-1.03129025831251,2.04692209955018
-1.28246193902329,-2.48476881146746
2.32624366359682,2.38091087378878
0.243720656573178,-0.566019023452427
0.892609958276948,-0.0708427989351603
-1.01209627778388,-1.62675893923735
-1.95043220237245,-1.87068178481163
1.95872471863638,3.25993352425534
-2.06482484164853,-1.43973886286089
0.413836112255215,-0.845357510004042
-1.56152476489256,-2.31218290814637
1.91722263002916,2.12197384132075
1.28927720692207,1.86797408095809
0.835719011088954,0.220533004534254
-1.46462326981397,-1.33754013488371
0.723734700080234,0.27653623766376
1.2861069815805,3.16896282465209
-1.47634058256234,-1.64171771760982
0.905365819721896,0.613412768614251
-0.515922240760771,-0.850587753301984
-0.839975578081229,-1.28153129071916
-0.653222401717123,-1.17578613346929
-1.10755906593459,0.0016733954483994
-0.232547276386147,0.275349575888218
0.664367298929045,-0.752574262685175
0.836997373871358,-0.360514515442676
-0.262075711455461,0.559295875163503
0.471680206697151,0.71465254431022
-0.0848927289475417,-0.444987163316332
2.07206532508359,1.54112686773368
1.10603040845922,1.70737413735743
0.712427254285497,0.896434597493973
-0.101907363671853,-1.69119839226589
0.941127744116763,1.74162474404487
0.763801641461717,0.326284200454696
0.511496154331496,0.0401404100163859
-0.737361849048059,-1.54408415932323
0.45080206082984,0.0952337134896496
0.338757392838606,-0.187048091730688
-1.03192881879176,-1.51986954406486
-1.81023273153825,-1.4510484820508
0.40043073800503,0.569897044156741
0.215929852755414,1.99141505119979
0.534420094525517,1.57171448642611
-0.173022450821708,0.894083350742005
0.0720582633244554,-0.126826131318175
-0.241954081911935,-0.0193702680582871
-0.643835158749364,-0.951411463404897
-0.30546317710446,-0.042769982418542
-0.601233151427561,-0.791271510088861
0.495886322626572,0.86717464970391
0.376296064820533,1.97692150758356
-1.65319391284256,-1.10192562972753
-1.1012188218487,-0.247390522611328
0.756923992803134,0.736943189211432
1.03781448655979,1.89638975588979
0.278493188929891,0.122949420694857
-0.114366982099278,-0.972958297764112
-0.898048342961538,1.35687530720193
-1.02332581480936,-1.1832486921421
0.139682046896173,0.197451562696177
0.268209410599133,1.74007984787952
-1.20483947826019,-1.3652113983314
0.623279350855457,1.17464666760653
-0.737856038371115,-1.11102354028959
-0.821117627417689,-1.07470208798936
0.530949626781116,1.55114755609229
-0.50772210185448,-0.18521998852557
0.460830806541499,1.98429856635461
0.42263233661944,1.63185704625766
-0.514576546760717,-0.59693398409275
1.39969313021656,0.749528143375136
0.825560653310637,0.580036294536623
-0.099564142122071,-0.993757619520743
-0.980010395350206,-1.96415965231214
-1.24952382069079,-0.655662938514732
-0.977630930971247,-2.02208903474737
-0.910332485381725,-0.296667228267799
-0.790545330500973,-1.98819757369903
-0.857243006004464,-0.788792020612166
0.438693959077622,-1.49914266233274
1.83893832387772,2.52504740276071
-2.39012899927498,-2.05767642127206
0.751513343069901,1.90944473215823
0.43698031181539,1.3504507195678
-0.482252868533305,0.0186140085234874
-0.173620069206425,0.535404008582218
-1.46296929816682,-2.2704808341595
0.591186793089324,1.29990207818407
-1.0146598480022,-0.568427650569148
-1.2945622690421,-1.15287620891927
-0.327937220877757,-0.03493186821323
-1.61498825256375,-2.17042716827356
-0.414237035521476,-0.50086664885647
-0.372526483561992,0.0382452668633799
1.04741765731191,3.21111882998583
0.0313250774184772,0.68219939804762
1.30056138707891,0.208269649087012
1.04191220105731,1.38893772789506
1.52638057013168,1.88573119330896
0.866170070314986,1.52425461204389
-1.26152474789148,-0.267543827060875
-1.02078503481839,-1.02596091366921
-0.243106313935222,-0.665108695130182
-1.19613651908053,-0.90580959724977
-0.489333257424351,-2.46667347908985
1.14036622183679,-0.261924952789456
-1.16030495347525,-0.850393642516876
-0.595807868788796,-1.67800187401848
-0.999507936102698,-2.4205063210651
0.579483224421508,0.584603331510059
-0.20516923478652,-2.06485980552729
1.52777921726159,1.13234635268787
-0.118098226661842,0.419444668263426
1.0910439910532,1.5583139276406
-0.237854760045871,-1.89042885209557
-0.205522550169509,0.0944783863825572
-0.115330869166351,1.12607442768635
1.29230301763794,-0.0150647971159412
0.0453292991711422,-1.19325565169823
1.65727249645046,0.190142183629232
-0.435016427759402,1.90418118103781
0.15702652664012,-1.20707124820268
-0.22971673853563,-1.25177328331706
-0.0330237107688368,-0.970824419623056
0.628416003596483,0.949791355505442
0.0457725405249219,1.2845131356725
0.212509151057602,0.18599608848711
-1.46530601717246,-1.47437917767847
1.22970808230677,2.4561591597591
-0.142592372402333,0.348493250193788
-1.39203249547261,-2.02731485446544
0.903232190790357,2.74727424858964
-0.95172881122852,0.453572476297843
0.980285819053987,1.33966673767615
0.990876546563114,0.763889292994699
0.081332293579424,-1.22313340421321
1.03753717744692,1.24816027709974
-0.490228294257336,-0.499984345546047
0.0607529158656617,-1.01172682208212
0.22749995794938,0.0978747874017898
-1.35349768799341,-1.24621370699464
2.54131707882163,3.78174589489307
0.357479938953259,1.05172316021188
0.505367247781363,2.20499649386667
-0.326156490898788,-1.59301809570021
0.873607510204141,1.5438237472736
0.0143806313799964,0.290199849916718
0.863720588544531,-0.26875432659304
0.97326008901449,1.58040021330605
0.983139118096533,-0.50929348063778
0.48834763214459,-0.616763420955338
-0.663755581534488,-1.18352800875871
1.50734256809342,2.57606404512368
0.163056094143136,-0.381304699264375
-0.399179530980505,0.0432955146624493
-1.19674008696641,-2.84418018165303
-0.183143127805834,-0.642371080193164
-0.103637472470033,-0.824784619345547
1.8266739422218,0.913414885382782
0.941083023834745,1.92703132486875
-2.66576551876262,-2.62050282107846
-1.09219636291834,-0.699249096457567
0.868533912170772,3.09906702999809
-0.961338257911859,-0.574356158590088
-0.762445110948764,-0.908472934967268
-0.849828263638127,-1.66848651297093
0.591458344359658,-0.989182359716282
-1.51614520107493,-1.13350543350595
0.100223854722829,0.667808610556679
-0.345366997984823,-1.28317704458021
0.978743519632567,1.80272264347164
0.111450097997853,-1.02514474085731
0.301125108278727,-0.98273338680852
-0.890483303515431,-1.06296533848864
0.0895813382986604,0.220484745264395
0.884369791766673,2.34252047205327
2.32166342391537,2.70291166237287
0.91474025582157,-0.254807413640867
0.216313702885025,0.125269127604838
2.11066016742481,3.26747387185772
2.0585015113058,0.4883385090445
-1.64296613538979,-1.30002644489412
-0.068547738479463,-0.797691331068089
1.41747744626897,2.03690844309115
0.41467389965647,0.236305255763116
-0.797601105714479,0.149969355189606
0.340895180807472,1.29732472488357
-0.18271066519094,-1.90856792626866
-0.494772335490097,-1.44493433831035
-0.947484491716495,-1.9597910337849
0.330095932740307,0.0872502791247463
-1.79835127940068,-1.14941710818346
-1.24362801233232,-0.185053285187902
-0.072406125840202,-0.82956471532254
-1.36761339408138,-1.88171390507399
-0.260516292236466,-1.1738359524314
0.00545501860200718,0.290543475959197
-0.571110335728716,2.31043234563301
-0.0815044351329175,0.63193783268672
-2.15823202718389,-0.671562777875954
-0.379247263828971,-1.22602161051118
-0.829581533205959,-0.536350162033962
0.121195461412998,-0.833541062208568
0.142821764642187,-0.2295027148409
-1.33098227261366,-0.136786622115933
0.639144635298395,-0.864871752604596
-0.52487650068662,-0.854273016962809
-0.746559772625997,-0.863297607019638
-0.413015895592413,0.117543064132924
-0.70861371915962,0.899471989416521
0.630930629861336,0.724063215248669
1.08123583324389,0.492692425919824
1.68740079442967,-1.0736472201158
0.599838855711942,0.202630255376983
-2.10968373039196,-2.26521427213128
0.21748460004784,0.766827993680822
-1.68242915001081,-0.582621530894255
-0.475525793476298,-0.876086999095259
-0.946510981944384,-0.764344675311501
-1.28827482533074,-1.22375647277779
1.18493159115814,2.72274077324935
-0.901640722377581,0.0259085345561001
-0.183967042814693,0.163818584644338
-0.576434635877538,-0.586582969648317
0.172970726126631,-1.15851194469161
0.131588180460894,1.10264910490233
0.791559742085893,0.790127737474209
0.137496074123225,1.20947410601794
1.38563259700031,1.16189907214462
0.815800297928975,1.29075802915872
0.632469500612629,0.878929197693602
1.10716427776353,0.680681277142597
-1.12982037619637,1.05026374704467
-0.556362497322432,-1.58929320501856
0.642537082458122,1.02489966352863
0.0161901169818035,-0.358368443981439
-0.171802643068944,-1.98556991875627
0.121896752313567,0.977511894010404
0.872476536984734,0.0947043257273531
-0.17247003047209,-0.131967415921144
1.19944431304745,0.812491510244514
0.325131049586465,1.47380053657141
-0.113693659529705,-0.190729664971048
-0.411638813159925,-1.14820937121597
-0.0465388176580482,0.788553449389628
-0.462300847832805,-1.36393731564842
-1.11355248406933,-1.03329265107219
0.309483585879619,1.01065124342115
-0.751098641054115,-1.94853248507453
1.04535106489007,0.891888431095728
-0.735806104267521,-0.0363676991245354
0.70590356265593,-0.0367992267791106
0.872483884961255,2.44105275050501
-0.585328973350189,-1.46282805764885
-0.902964731477454,-1.50781173010531
-0.978712606976498,-1.67129465596389
-0.151911307979751,-0.15734818815921
-0.378271962628479,-1.32868657283733
0.151974533482787,-0.124160631867916
-2.04388504517588,-2.78941491438987
-0.116817391997597,-1.0365492622222
0.59904392961354,0.838881222168965
0.519717918939793,-0.130454170330384
-0.902045513212228,-1.82274389333187
1.31127692705228,2.05924985420378
-0.520416920573119,1.26242664253831
0.0405428947692264,-0.177510400271087
-0.19166180383552,-1.16585115074787
0.208653080719322,1.84899655109744
-0.897621979297607,-1.70229314661264
1.1893922528025,-0.640388364339551
-0.278715271784396,1.13698408615122
1.51217203502227,1.60757575495646
0.412710833534433,0.887816169891306
0.849860213031427,1.39541285312401
0.79380436481792,0.895707426893694
1.60801580851751,1.95376991452275
-0.486444548654475,-1.38157095626177
-1.57709483447698,-1.07494948444474
-0.530873800641699,0.932968007875235
-1.18322586722853,-1.06360026754319
-0.993181423205449,-0.528859006651372
-0.0715336904343703,0.167551038989421
-1.73140542361,-2.26398345683969
-1.53524028900179,-2.51246209405672
-0.150821361998271,0.989965207359234
0.951755224991157,-0.0444883253509034
1.12279517259676,1.14486552972983
-1.8607932865149,-1.69817057330116
-0.729290247724762,-0.969076190595957
1.76705837853863,2.3731181390001
-0.992722357249944,-0.850171122263592
-0.996140047063244,-0.752778708634386
-1.09507467371944,-2.42333003916269
0.527092203120644,0.131355893650477
0.0230223706449585,0.130741320609922
-0.0992035033023741,0.496002702168294
-1.27680218923188,-1.75042148791137
0.38457783405321,-1.45130312517972
-0.0491820299906763,-0.398002371367322
0.509930476434931,1.76691575596161
-0.117115361800009,0.901209526826877
0.341822699928882,0.433597890234998
-1.07855276802908,-1.99323716569347
-0.123589130304996,-1.43072223184172
-0.16218145411474,-0.731700821156628
-0.0318194034870673,1.41290155120178
0.332358140190569,1.82077567618512
1.23726024736768,0.042264428301966
0.182310064444854,-0.125902194995609
-0.128311812625638,0.199724361664373
-1.42655566182839,-0.937446998213434
0.821437834617569,-0.798111294948783
0.112146481658831,0.654892117075648
0.290197395076749,-2.62774887116882
0.0991287332544332,0.813773009770855
0.334162676531188,-0.214667961930108
-1.0971928876406,-1.47983678113683
-1.64927343302212,0.988285952955156
-0.539473832603698,-0.106897486878364
0.0888619864439819,-0.297461260488546
-0.00852321189366575,-0.359813231313446
0.0392686768477511,1.56898380094445
0.779238068477068,0.88315479788332
-0.189532191456963,1.11298939423529
0.02925459561581,-0.785073190731107
-0.318599983395771,-1.15342553323044
-1.62487676038622,0.0596966493697642
0.273076810616803,2.31976061775139
-0.293816628083164,2.12845582927286
0.236126571452499,-0.437486757945315
-0.552666455694756,-0.926508496797665
0.726135589297487,-1.09313633520081
-0.0632175022697225,-0.746365208968614
-0.455128363183,0.0391199139674144
-0.820291250370496,0.912393601032422
-2.03503258952189,-2.4235852661925
-1.35362089991771,-0.151276031893024
-0.540897697028406,-1.66320902056972
-0.194340664318364,0.626851289751437
0.561755994278316,2.67543173290372
1.0858561396073,1.45169456763453
-0.642834365510243,-0.580387655071037
2.29767985374205,3.49236055669233
1.18456547673647,1.57615261139832
0.842663245165501,1.33383159018375
-0.29879298538254,-2.55651122727491
1.51374006968283,2.49233292127463
0.529840313594149,-0.554963258657469
-0.236727726394182,-2.56948267175316
-1.13472335499275,1.11474017891364
-1.02001301684871,0.356070665015163
0.0483856474856428,-0.0973703175160844
0.551721669105948,-1.09678218618324
0.270726378565913,-0.211186794531331
-0.532491087958964,-1.08118525487251
0.426334122916783,-0.0735133193149158
-0.922604107643949,-0.869185505299547
2.51364950393757,2.50165868272753
0.372016995052426,-1.67926616222386
1.53702404036226,1.96655058648649
0.614812943078314,2.80083250415551
0.42356966106013,0.392960252313524
-0.209743590582521,0.194388604528674
-1.14028545444491,-1.41516545706356
-1.0783884066725,-0.537745068908409
0.0173759237259087,-0.571340981667249
0.68128623842069,1.53961541059525
0.111592342650119,-0.965320162868305
-0.438428320768326,-0.187186986483743
0.350393280398586,1.52006363211001
0.568985887870007,1.94558957561209
1.31075176423135,1.22430594788296
0.423789218736401,2.9711239870041
0.669734644659441,3.09864115498281
-0.321283581374475,-1.74542346820245
1.38284251742108,1.80434430512746
2.08445026842108,1.73958509012423
1.73694042795146,2.83893942141377
-1.13650584529329,-1.34509166262071
1.25647485328259,0.203028775694302
0.0470554307303459,0.0874674061742142
-0.199222965116585,0.0929796644079047
-0.565456468585727,-0.840060422605285
-1.5583110014312,-2.87279407831296
1.36943460981452,1.89419017666719
0.0607093611240299,-0.743852886156286
1.2315179188888,0.738561009392426
0.84258965929732,0.808857073374613
0.0708638975844361,-1.0765885321537
0.987853887405172,0.00965686032978985
-0.533352789236193,-0.737768689413813
-0.184194008571945,0.961521343785329
0.0890250898526402,2.13310220085513
-0.974250568415298,-1.72492115639034
-1.76624029705219,-2.84050444568053
-0.373382697217183,1.35043671020802
0.677480892206259,2.82169343616429
0.879913869783874,1.12293754137169
0.991437019313582,-0.702698049022888
0.0442427418276882,0.326904388395335
0.548635155865365,1.39021970545675
1.79863094626958,-0.781717237619943
0.107604229515807,1.16928110224858
0.571550998635336,0.970123421811061
-0.497398782076531,-1.06774615491815
-0.902167243840369,-0.122472944409003
-0.318636403183632,-0.909726201022141
-1.05796826089979,1.01418329358071
-0.534062628037911,-0.825479446504719
-1.33334778731497,-2.00705304940097
1.14028526368439,0.43040043778801
0.92149787682527,-0.184207065192412
0.195319738252612,0.553758577886023
0.791030530539103,1.00221618286525
1.8692482328575,2.11071856673738
0.70797563397179,1.24827861601584
-2.54108225335907,-3.14825406834343
0.954570587004012,-0.316068139532394
-1.37008397676021,-1.75579089034163
0.0513618220526163,-0.744786319099953
-0.414106619694861,1.65640110986512
-0.752527808912359,-1.52277418667477
-1.51426474325044,-1.02645631054108
-0.333687009409765,-0.372160801472398
-0.0212464435074043,-0.731905164639881
-0.449090984573903,-1.38690447906393
-0.185608382448739,0.754493309853529
-1.85582554055925,-1.33083177164534
-0.9727158370062,-1.89566639327972
-1.28745186739385,-3.0014147491964
-1.35266681073519,-0.0172002246615157
-0.523673638209891,2.65502047518888
-1.27832219419984,-2.39078073342942
0.236636736000984,1.00610760627698
0.737585966790366,2.3378851726818
0.833872581850805,0.0178890288124399
-0.609554150785194,-0.587355356973168
1.03165645886948,2.37211676793518
2.35780005676868,3.21998759668229
-1.94261346523829,-2.44421738148504
-0.509866265077296,-2.10597300722577
-0.397150519132865,-0.271721163075615
1.43269645445549,1.06800646366652
0.955089118724058,1.10308697022508
0.15297145189765,0.877106039435184
0.331859101350487,0.655236989609748
2.43460447935291,2.14889076222681
0.115283655325494,1.25280061559938
3.46636440867761,3.21440700745395
-0.0942437326753386,0.647323218441578
-0.105482241628341,-0.988536560931927
-0.105664124976711,0.518676063070357
1.14166163975196,1.5311017077109
-0.937211231762244,-2.43634905044661
0.0158334887152188,0.478008332472688
1.34403074291305,0.431206566941388
-0.148555223462781,1.96403033428333
0.854275445045433,0.502245509721689
-0.252487558465363,-1.01116362260667
0.821588941141086,1.6023219227643
0.654640657803158,0.286835711848048
-1.4732330423152,-0.865301772249974
1.42134715324962,1.38097340200005
-0.16143050452386,-0.404389055236579
-0.0185745934091616,-2.84619533592486
0.632316506935786,-0.41917106326116
-0.408264989782958,-0.053823936001955
0.65656569693763,-0.223369384750112
-1.4596663032994,-2.31109858878676
0.186774477903743,0.862624267886887
0.440007276555543,-0.871723040285951
-0.344235438908899,0.60322017397027
1.4689399270426,0.44701216231162
0.24389240245137,0.419412575652261
-0.342822648659844,-0.769894721177436
-0.308599629593849,-0.174292786452153
-1.04105411207541,0.524891806742586
1.65612746974597,1.21125990988702
-0.360683951318924,0.628432899213065
-0.653717576993029,-2.3761627076402
0.0512764664703589,-1.06761080561564
0.467422099783628,-0.817299778099438
0.626480869150057,-0.974296292625287
1.91709953889931,1.43076975008296
0.812995792081221,1.05532355629763
-0.367118939630777,0.109455907438862
-0.203200670929459,-0.533462460430574
0.0740149625939633,0.371793749892245
-0.683596657463586,0.464132856013498
-0.21792416680077,-0.745884721819131
0.0018800443540622,-0.535820545905692
1.37791623250509,2.95364217068564
-1.05181151116225,-1.2343543533503
0.302004599931452,0.219558252676321
0.26714807757936,0.187491768519943
0.171210148454285,-0.198312373733699
0.16401210886902,-0.152343358722101
-1.17739110304355,-0.261628017224644
1.04635967449967,1.13147898410219
-1.37002628361097,-1.64394021952049
-0.142659163801425,-0.39688575305972
-0.528194581899539,0.407515071180829
0.151008719128147,1.25798420413138
-0.441749657791436,0.722599012401861
1.47591140628742,-0.300652853800639
-0.50750792783288,-0.707470801887904
-1.14971498474276,-0.448672498377411
-1.26805386951858,-0.711513593169479
-0.67186641798149,-2.82294417839923
-1.5985739448961,-1.9292805425597
-0.649769604136051,-1.43381510666058
-0.633114948991324,-2.93777034712748
0.16707723758301,0.266873332303054
0.161761750000722,0.435168718936799
0.101771668545613,-0.484046754530035
-0.788261894265038,-2.41450768140385
-1.00337964347497,-0.399123281587959
-0.877681682208145,-0.161981308315465
1.28040992720596,4.8200353871166
1.6205787759947,1.99897846864961
-0.0648973548184905,-0.918001650737627
-0.748205408003115,-2.51342994413785
0.710225413038796,0.186861672339378
-0.55246211879428,-1.52143567604284
-0.839763578348779,-1.7817514858832
-1.39820638492432,-0.648551000859282
0.644098616254087,-0.353639443842769
-0.71783731465939,-1.22058026181771
-0.576017865342997,-1.78656796470113
0.560433081183395,0.272066939054572
-1.22309779599326,-1.26106911365838
-0.71480985079892,-0.691640984628962
-0.311192690256766,-0.301996134124002
1.54408025485941,2.50248823897427
-0.254301895557139,-1.0764158139506
-1.16559764350883,-3.20101753052292
-1.44336550335842,-1.08122369097077
-0.217839150413969,-2.81477416630715
0.107084237469408,-0.056111330280619
0.949777728945903,1.17788623373732
-0.295795730119942,-0.717131671708224
0.194690871538452,0.292132155388707
0.90652247543782,-0.000703530908874317
0.382302970993795,0.526493139060682
0.67781492615541,-0.248712445189504
-1.09944455459165,-1.48671629320108
-1.00160944992725,-1.04089595153635
2.99194374974794,2.56906796724195
-1.22981030516464,0.39279661421009
0.873766744077882,0.416425918584176
0.258046271891426,1.53575635061548
-0.525553164863813,-0.145548916661151
0.569091649183757,0.693951738974519
-0.304386733666249,-1.60141944710162
0.946843520973116,1.57836356911849
0.115498192439719,-0.185251800739268
-0.970431107442403,-1.22911550651188
-0.377047334869851,-1.11781103721576
0.0839371962995442,-0.122002057126104
-0.644692355139647,-0.162017816921239
-0.142128510759428,-0.603145533606226
1.0456643906384,2.5068189975021
-0.0364296375873078,-0.0956630900468293
-0.523631634895597,-0.0155868264861213
0.532234649265618,0.84686604919414
2.40913194610819,1.82228686725799
0.209100165772235,0.350940217261382
-0.930887537716925,-1.27393530441283
-0.5530555766815,-0.302172111351473
-0.773329731665645,-0.571639739250199
-0.294343182855544,-0.00543793978280671
0.000999782970029168,0.0686559350898283
-0.851921776068927,0.763497919684865
-1.32835672997941,-1.26005895570661
-0.0473532556362066,-1.11158889781351
-0.486039996387299,0.153893965313195
0.970648972693472,-0.116028852674162
-0.112459771976617,-0.167132362602975
-0.191778042386281,0.638967174818777
1.87425671827556,2.9781435762863
-0.939722003437709,-0.26686960530372
-1.24412730763604,-0.696674786597722
0.655494638844038,1.26709334185755
0.978644222559719,0.589165841517053
0.212365488131764,0.384254628436568
-1.04862045810322,-1.14966976658844
-0.531509142984135,-1.05243427742525
0.516469161890092,-1.63308680590547
1.07054174381674,2.15773704688087
0.456307102270886,1.50761674334263
-1.26294406512156,-0.519526072840802
-1.19294897235793,-0.0215356147523629
1.01550353359152,1.95987459575499
0.154993590521926,-0.260247196647449
-0.841521766213084,-0.214884158448086
-0.941605100228295,-0.885062427414715
1.14053431001398,0.663556308627489
0.417556970864436,0.381209078105735
0.0723012187699435,1.15816575705318
0.745512983737942,-0.522490278833442
-0.610671064629106,0.754578843730875
0.866689867605317,1.09154753318607
1.34912303540345,1.60455852370956
-0.532617460488437,0.176679294048758
-1.44882059999717,-2.02333220192634
0.982947883718542,0.840437424031793
-0.312991135527243,-0.309228734923446
-0.525370975539352,0.267244279214453
0.113050872230913,0.831719773725981
-0.735398496256259,0.202694367784873
0.429790876204798,0.620145332129868
-0.833995551610304,-0.342189795150321
0.358399518300574,-0.0169320538678976
0.993250691707993,2.17762357958561
-0.576221741438496,0.36424263970966
0.788677491691387,-0.732933048160066
0.691493410690978,1.28768673695634
-0.335250930439277,1.02589510843755
1.30174060676057,1.42324465882792
-0.710907025719679,-0.500234572745169
-0.749277438802736,-0.543682128908052
0.385415591647246,1.29417865007211
-1.12136719703048,-0.78803329713856
0.101376309781086,0.340173710534705
1.63720638008169,2.73993145040972
1.24233807915041,1.68314946566175
-0.320729717176415,0.454650414440881
-0.075625713093244,0.479856675101742
1.01407994474651,1.35986953856419
0.649752077218736,0.465709800533092
-1.40384249534404,-2.51878381925065
1.59230116443373,1.29317599508549
0.676953253821891,-0.740210969211271
0.781879413208208,-0.0498287005394409
0.361710040043341,-0.866484699596284
-1.11526822465369,-0.250152742476685
0.396547813828938,-0.224347829047248
-1.91426906190188,-1.8539129807552
-0.286658954566321,-1.23827440300867
-0.0920844505719294,-1.92257227119623
-0.0890883109467478,-0.74494644411032
1.42250625477492,0.094462542463307
0.537179572794858,1.16672102987204
-0.31108760663016,-0.262279915224393
-2.34176813486854,-2.40866261803158
-0.191460368253886,0.844743395454234
0.031633592499309,-1.49826996796316
-0.0932997698014059,0.810682561116348
-0.0883613707865684,0.273613848775637
0.181603546409655,0.827373609487244
-1.2546267136157,-2.0235565468067
1.701693656754,0.753320580550356
-1.61081672141856,-2.76017646658833
0.417615100180389,-1.06038424147102
1.30588185923681,1.82121006133477
0.244473986081298,-0.841137410983123
0.947818713760961,-0.0466440562316753
-0.790117103338056,0.900312781697466
-0.231847393235961,-1.04196883346971
-0.991400292714362,-0.727682305133194
0.574938002999886,-0.196463299108931
-0.411467847171185,-2.26735793205809
-1.45211185576672,-1.15559108251572
-1.27590429764161,-0.670370194202202
0.935339145650843,1.54779140957944
-1.39468167505748,-2.58812033531374
0.60764463228241,0.756718443153631
0.266313803005777,0.0341835211072244
0.493148487604569,0.358393366098786
0.903866983191826,2.45201798063911
-0.202416593731898,0.153922130793372
0.32053323914746,0.531993403948499
-1.12062556257819,-0.449255719393321
-0.427190534530244,0.396351062603459
0.686450659937547,2.61484425508084
-0.474329564329501,-0.573806752998968
0.366909593735474,0.00212529194421746
-0.169121273315047,1.79292559374578
0.701578732660782,1.05063567385451
-1.21018092593425,-1.55850557327324
-0.045660831591658,-0.00685582841393579
-0.755007446463867,-3.03423680420012
0.130029231762989,-0.0897973781098063
-0.233910242824213,2.06693188678948
0.304594896079083,0.325927668699402
-0.887352030942626,-0.708804830732899
1.20585757700453,-0.734711922028098
-0.394148475051581,-2.27413115628202
0.310707967318594,0.0200753399394433
-0.102866840276088,-0.211970217369892
-1.88696023987578,-0.872510120241025
-0.563889162107452,-1.817919582234
-0.0576983412168235,0.656357159345642
0.615135285416367,0.370962122024698
0.00630046837247171,0.362908812597644
0.224703585036209,1.09014343735458
0.35344854406592,0.691971139782158
-0.57525961396507,-1.58847775688104
0.519942258170675,1.54678946579738
-0.993405898698348,0.119706104989199
-0.43392933807864,0.304420227117731
-0.349918327652524,1.31773136382076
0.974274534630217,0.362598231392215
0.0836471125291282,-0.961201750401479
0.0340585856358402,1.08788475000393
-1.04195651966891,-1.7568940235399
0.409199005502232,-0.133401602017154
1.45099795967165,1.37789089123678
-0.567567761391486,-1.34191003047682
0.565182096695305,0.252430429152579
-1.22547236558318,-0.739794626328077
0.962685168245832,1.26763836347484
0.617028256324553,0.628657295823382
1.17615501493715,1.17669108828192
-1.63309620111636,-1.45239570832786
-0.0289652859691828,-1.25807493384027
-1.43619590870715,-0.520072430127302
-1.78259408390559,-2.9172402408667
-0.73388246068561,-0.759421291092109
2.1845264014896,1.15140211049948
-1.8364017842383,-2.74406038270224
-0.9174625089352,0.197218206724672
-0.105404278509257,0.641706172658415
-2.0683711600037,-1.65989222560071
-0.498147772578324,-0.376558273154923
-0.17490303724462,-0.201412574622438
1.7540427816982,0.361720885648005
-1.22866429011702,1.11177929191894
-1.1404583898616,-1.29915244872934
-1.60182403969227,-2.58372666499278
-1.332891712766,0.715323398673288
0.703292399667611,0.736339026094857
-0.482839386247125,0.290570549006516
1.45327991539835,1.27217189603322
0.525876918545419,0.531862480030671
1.13192187375226,-0.372433737742966
0.595266752203485,1.07282053766862
-0.53022608565968,-0.492922441986082
-0.189361652910896,-0.0323232081686533
0.305149285658508,0.957128781091298
-0.759182034661357,-0.658016878274126
0.745543492899072,1.24855114700037
-1.24179431829737,-1.4911543739672
0.99486052239751,0.908655599501565
-0.614349691723697,0.260913140544402
0.208644749775222,-1.43245210092101
1.18132592363564,1.60876716110147
0.124302948231789,1.41579049727989
1.58787131684816,0.0739931533004383
-1.60383018373901,-0.78542561356196
0.934744627434331,-0.458396070303729
0.446409387103572,-1.14379119728502
0.316655824701952,3.64555417100333
2.19584046486005,3.27046550754733
0.920684185038067,0.0948126700983924
0.143961122625511,0.18821167500407
-1.1527294761761,-2.1347134224968
2.65031130575682,3.48061325285472
-0.196538688557346,-1.46614804727632
-1.35722722679894,-0.901928256179894
1.65207610768933,1.70956342567057
0.772195236780707,-0.270592631820418
1.27356793728158,1.63961016902821
-1.12772794078577,-1.99639827803973
0.430005417693947,1.08203143799642
1.03193442534897,0.86798984213306
-0.380526983889945,-0.527055816910677
-0.250066214470044,-0.459790404158795
1.6670246815818,3.12067986841202
1.07603279183009,0.966126527375382
0.748512802512183,-1.4531251953348
-0.702535951173062,-1.60443618492526
-0.759271186754088,-1.43729057814323
-0.940888218933434,-0.140117047373256
1.32009558535648,1.61097360397042
0.255019272900646,-0.516223004391253
1.49765521787795,1.50044801753183
-1.62386862535435,-1.07347825048663
-0.734014531460784,-0.541604676255953
-1.50002239206816,-2.29866854048474
0.186660518645236,-0.271948870601043
-0.214826064012067,-2.06042658904731
0.238644604343956,1.23788474459428
-0.108143544700295,1.75886911258676
0.72435035056425,0.387750807801533
1.28149681480694,-0.331691597284167
1.03250222376856,1.36342909333722
1.09404401857341,2.69378967243705
0.956969096428415,0.927432588327075
1.7385573666082,-0.415819954782818
2.65976274711204,1.62364182944955
-0.584486831363418,-1.2680975835399
0.224826196548151,0.571452592794502
1.22402702156263,-0.579218560231401
-0.69246041236802,-0.423546203823449
-0.367123778694655,0.682754846658
-0.937747560851343,0.393208235294634
-0.901137181969102,-1.27292125652187
-0.687462717974024,0.388585832424914
-0.99131714551395,-0.779167195591542
-0.838897240598064,0.147807949130414
-0.879205747818438,-1.74358880203854
-1.2298693469077,-1.00795220008627
-0.15461680743671,-0.160763417169074
-0.69852886714363,-0.289951546066902
-0.390648218533753,-0.239584492053251
0.106952362678031,-0.465814675718862
-0.0558719465340223,0.407955886007234
-0.553217219622987,-0.572498960287797
-1.1001043270621,-0.940612593882433
1.29249072945674,2.32138651619479
-2.77765558598156,-3.09634063187309
0.486552593745967,0.570590283571786
-0.482028515051476,0.725982076284985
-1.14902168744129,-0.877931988614442
0.880810547236107,0.246237753109517
-0.58087117547155,1.98649430337129
1.0669193532256,1.30488731311962
-0.448176131713204,0.482608522342569
0.745547047654402,2.48105103286672
0.918504484221904,1.10216485069053
0.862616294671191,-0.203916511467741
0.97865503143521,0.0568221897794764
0.626704162365845,2.22255816965219
-0.449761115214343,-0.122004130307287
0.221278074593295,0.750806572513768
0.729627597045234,2.67778029506384
-0.15497868293056,0.708738808902684
-0.578289821056433,0.858558442791183
-0.856183243473074,-1.62311405279535
-0.458391903752355,-1.1983009137135
1.3314956422647,1.65557961327817
-1.30396809533458,-0.575007935015515
-0.0480320371191558,-1.12028153591972
0.620350053002766,-0.733304228027027
-0.927875740219988,-0.488609761357742
0.241069612050814,0.21683049583698
0.202479101349506,-0.0301725666033407
0.510415419558311,0.854253951307298
-1.64623468387789,-1.16127695207425
-0.621371838500452,-0.662048451492277
-0.367627548907233,-1.676878784961
-0.584885988606527,-1.97984048353173
0.780109389601193,0.605137026474844
0.217662382549706,1.0736305173709
0.922212190368833,1.32513886321697
-0.0420466036538252,-0.431060776841475
0.503178648200811,0.0209932929517757
-0.144774415828001,1.62311669534284
-0.849251751051458,-1.35105192957521
-0.844671125226529,-0.160648611766744
0.853881442817374,0.506462610006387
-0.42994905285047,-1.05687033323695
-0.556943976398205,-0.942459845687736
0.0529064011705234,0.390083837827862
-1.09303545850057,-0.0902496192647786
-0.883870317020718,-1.9779647571625
0.0654493107010407,1.67227988242681
-1.56621029190555,-1.86123014259941
-0.00720178123066509,-0.489908743871832
0.27910898874785,-0.320503927119597
0.393659417424116,-0.781514245282345
-0.210298082867835,-0.329098222091234
-0.276251984195884,-1.32044498953524
0.273408964183266,-0.840086840027162
-0.216481145386043,0.907400800829423
1.6873126540839,1.89709647411623
0.701605040905557,1.70724723546968
-1.55454759940779,-0.991509773019846
-1.35528663732462,-1.17867646149686
1.05585805469388,0.877962570522151
1.97909183691816,0.638105299214135
0.324688189773469,1.16004486795471
0.0682273270918938,0.943014364473431
1.87112290490337,2.45364206173966
0.535911193554391,1.48971188605734
1.08175473987085,0.901122019854717
-0.864469262093704,-0.958200361773292
0.832593031882864,1.35789510140364
0.144786026051817,1.96639649766869
0.893275376171524,0.304483828253581
1.07974849795224,2.65792928277427
-1.31908494580159,-1.048948029101
-0.749298603051617,-0.0576039765519319
0.0345527756416162,2.5613180988859
-2.50851085245404,-2.75069348820868
-0.818414590426501,-1.8359601288802
-0.570740752210613,-1.88105409453532
0.737638808808321,1.04781136865492
0.0371084935339649,-1.16891325470151
1.70728812384123,0.505280750424353
-0.508182491007426,-1.19134122579049
0.882199367473188,1.31923474452249
-1.08729197558644,-1.75654685782356
-1.45190059123048,-3.67462382724172
0.650583324692316,0.040197778309039
0.192542406375647,-0.550867135348647
-0.384294541417571,-0.743676356967643
-0.332350980549465,-0.445330808343325
-0.792127730394371,-1.86848541828825
0.903820000599027,0.906252415072182
0.950558819481327,0.00970852779445353
-0.189006865483535,-1.73408954417806
-0.162895615958761,-0.54276645678198
1.47707277478543,0.938446494656426
1.04883991047345,0.980721566884497
0.956615627008112,0.894091207132937
-1.62181458477796,-0.445637759267488
0.301116392171072,1.26870012175352
1.39346051315528,1.77510475935628
-1.50618718988872,-1.92470286890972
-0.196104571066903,-1.39186850682588
-0.163169837361389,-1.01512473024457
-0.689015274519967,-1.50982643167832
-1.14462041198083,-1.20893389422716
1.13217925076336,0.950297495247644
-1.21366098765039,-1.67589799601899
0.440040713514793,0.370814397395723
-0.0923563965963396,-0.191039377693719
0.298021355199818,0.314297399898719
-0.46058660810118,0.264272980914138
0.0635195569257074,-0.244806323176822
0.858849414940364,-0.159343712361398
-1.47559359472638,-1.90677769794659
0.740266629711533,-1.91597285116047
-0.127820139156511,-1.00538313032664
0.602338660782312,0.864321439027301
-0.542975465199506,-0.924771297176294
-0.971870069975669,-0.256890084065734
1.20616639087112,1.15903276160401
-1.27901685211472,-2.2791607873259
-0.148680951745571,0.513215005373198
-0.219889209479759,2.728721508098
1.04567779958623,0.411866964884863
-0.49342938892902,-0.695391396699586
-1.02096495391062,0.518342580883541
-0.88344072004796,0.32239838381453
-1.32603237709154,-1.73618470921183
-1.00776227403699,-0.133098566253415
0.101007538384645,0.661330460581936
-0.468740564251451,0.980560379888686
1.09281845728513,0.0497333447710431
0.265566189376582,0.371331797770013
-1.33427898748472,-0.53232486407576
-1.66499464449602,-1.44747758208466
-1.25271944915075,-1.60589585385598
0.587175467485152,0.196698167136866
1.13280216359021,1.44389080213168
-0.573238064499517,-1.05971749083892
-0.584258970196107,-2.68422733244774
0.0415039469930687,0.054628911669921
-0.123873707056793,0.518632574173659
1.24069295055658,2.18288964912437
-0.780415425034669,-2.16887638216342
0.401913292204907,1.13858521917474
-0.492789169425728,0.0632917472250378
-0.710762080575292,0.286660473875825
0.804836682358964,1.69992203686897
0.415687727554999,-0.808715871192242
-0.0347177085866826,-1.79418718960408
0.0439976888871555,2.07182032384651
0.309022543272461,0.70533354417201
-0.318648491368561,-1.5385668429694
1.32389613364371,0.790569513474188
0.745320427061174,0.849330580089278
0.23109035641994,-0.127533121811487
-0.751151820101952,1.04310717749232
-1.10519474923701,-0.97844114018303
-0.265570297538631,-1.53076371461937
-1.22008970709443,-1.31920162978995
0.200067855198467,0.114836603940828
-0.211212021820635,-2.32230277612306
1.2448295621351,2.19787601463001
-0.056892860129122,-1.89773652574135
0.0983661420457899,1.61981416079777
-1.24119471687554,-1.00885644851308
0.579834725036317,2.26327926584626
-0.0682062894064114,-1.15999861530577
0.128935938463232,0.0270385786152471
1.72435713157133,1.21373914645929
0.33464722202208,1.34222347215609
0.203123263010655,0.407573409180603
-1.44793067111844,-0.910730659767897
-0.391427265366125,-0.540393445253449
0.181556216664252,0.118257856029059
-0.221375961816829,-0.630141471428696
1.65159727600715,3.85014165919827
0.577229948477032,0.51061811658686
0.291585664917131,-0.789357422126849
-0.0407587668351677,0.925020186775361
0.800291469196283,2.0394561745236
-0.669324321886387,-0.597068421958791
-0.811925233908516,0.242006614418892
0.782908281709188,1.89601682826051
-0.63748253749259,-0.930959597491706
-1.5448168540494,-0.843473729077803
0.124971626853376,-1.5154776574539
-0.522919256286957,0.0436016662177154
-0.8005094358061,-0.726322001603889
-0.840509837167782,-1.27581851807469
-0.607716234202075,-1.02000905496861
0.156385457121036,0.187381630580177
2.03069781707027,2.4417013943857
0.576645328602899,0.87854096682266
0.260037428307366,1.37827723215502
1.22634283542845,2.00314043999084
1.2508114928258,1.22887991105128
-1.5465993056202,-0.736486973853555
1.91192631389795,1.70741947833731
0.60180468155467,0.93293374732589
0.0581745513558617,-0.607346081411231
-0.938220879992477,0.586448500005265
0.590542189016572,-0.458321671971949
0.0147355584568547,-0.233394508469031
0.537997772042693,-1.08069236818807
2.603466318266,2.23951514716027
-0.00412282641971296,-2.55323840014506
1.26208207762649,1.1723969263217
2.48808899576648,0.936033731591501
-0.568102649185669,1.24855047412158
-1.28604165444319,0.579669156695265
1.0054469634534,-1.37547338564665
-0.317078880046771,-0.447708981807106
0.0155527055238264,0.436600558244504
0.55369751935854,2.22451481081383
-0.186486425471785,-0.00441613355091003
0.191012541885022,-0.179281615127827
-0.166480166894957,-1.78281523042444
0.00695515059218219,0.175418389936265
0.209503051908101,1.63069462497527
1.17386177853713,2.63685625651306
0.62345337335934,1.37639525735304
-0.719961082859404,0.394553518752195
0.761318565616321,2.0125353117932
-1.24482196782023,-1.17885840055853
-0.336497732058714,1.88166814036055
-1.27498648533579,-1.62836591832253
1.57863601304341,2.16976820637058
-1.24996957846482,0.0802853674913948
0.639976019611189,-0.127173481837544
-0.221506609599646,-0.163122548812321
-0.418310476625819,0.243427792374488
-1.57057118945756,-2.57243899020344
-0.373149634394612,-0.59882346252207
1.18033382524307,-0.199948266445366
-0.113102315990397,-1.40364056611038
0.155618094655063,1.1452203407954
2.19645595885997,2.58105852891016
0.929387685892776,-0.037939256148729
0.0767526379149903,0.440606494599153
2.3817347822681,1.36170336012902
1.64813353876652,2.95433917590841
0.288713404375685,-0.476205851892141
0.272258325755582,3.53915657081899
1.73119014194446,2.31612703354329
0.107691169573026,1.13076310074775
-0.41623991867736,-0.0103134676910344
0.0581061800455985,0.823097007146108
0.260777606616832,-0.143143987843524
-1.37175230288272,-1.20329593005653
0.0967764220311816,-0.636618680578851
-0.301383334365135,-0.310265123105313
1.15782161027068,1.07265099892686
-1.20163363166518,-0.600404837081969
1.67827678577159,2.14223109115616
0.880901508514631,0.631417829199219
-0.370090106106377,1.22047853598544
1.254546932693,2.84848969027154
1.02616155464742,-0.959268785472885
-0.355955702091537,-1.66008358428523
-1.78850080280931,-1.14350975717893
1.710638161138,0.804173140080694
-0.792030261872799,0.911241144213287
1.32101692759425,-0.0412031957097934
-1.07989895270484,-1.24880136780789
-0.411432120710446,-1.65667536466226
-0.399250842004445,0.893042193253569
0.693033442657551,1.71005611871441
1.98548265785378,1.66574242981813
-0.175500632052386,-1.48749524711477
-0.787149868185613,0.0429984669808741
-0.174569686838151,0.203666640357553
1.47111247030564,0.880817816914907
1.1878036686067,1.08853465448434
0.140812199097895,-0.0437785101646765
-0.282182601421595,-0.668460124696029
-0.882698730686693,-0.67188853593287
-0.490303701356101,-1.32321628306126
2.64997303449589,1.55379956150257
0.692660105945766,0.725230304213914
-1.50759083112619,-0.485986561186635
0.397154173924252,0.870772312034632
2.16686972007463,1.68366166299114
-0.502540388861572,0.220861596018305
0.761709125791029,2.17951028297007
0.457440589849413,-1.51954694530561
-0.506323151937201,1.19300825148729
0.201317558505956,-0.737337643195018
0.90998197441928,0.401192677209466
0.169881547438922,0.0282336613579612
-1.85708001634363,-3.26564522535491
-0.897477303869648,1.73807734359617
1.28536245505515,0.233489479204683
-0.117631614443919,1.89481502655151
-1.99569734601445,-3.27563120506489
0.29937579363985,1.05826143863204
-1.17149169027389,-0.99601739073651
-0.0469987675027576,1.23238590459341
-0.324662342031213,-0.910495014588411
-1.46920405849135,0.594769205992849
-0.740695213836705,-0.698550171799021
0.377021294963511,1.42311625165557
-0.397946228705788,-0.601812731038289
-0.761696560123828,-1.26595269527737
-0.0789898071054934,-0.129959744972845
0.848105037505458,0.559427171293305
-1.04888320364291,0.910604799310189
0.547752184279494,0.773214318738752
-0.868923743307927,-0.186910829857014
0.959548862246526,1.09806495001603
0.660957568339899,1.36657036884756
-1.05344860958141,-2.1735592591381
-1.81977431550485,-3.18570305196497
-2.12180751522041,-2.27257747227721
0.253241861567265,1.14299863538759
0.171913276333291,-0.0805561258649887
-0.592572464310197,-1.92499620686435
1.05000897922661,0.744002894736889
1.59010589197261,1.83189358272604
-0.801126240501182,-1.23550948372716
1.87013389215197,0.103818540692268
0.451800386184651,-0.283605432561072
-0.414071443156562,-0.975424499956422
0.187154195978531,-0.0372766581465281
0.185263522145993,2.18294031752447
0.319626729095801,0.418163676452277
0.704538343499217,0.0365376437804777
-0.122141525595045,-2.83238997029251
-0.91758921594058,-1.44534665635078
0.380148902774413,-0.300889730688659
-1.43941665997635,-1.12681174847223
-0.358589037430978,0.241729133691911
-0.8200210256072,-2.84172040929055
-0.572494826892445,-0.396987015552595
0.210175310709405,0.214869157410585
-0.574331192939705,-1.0538829997157
-0.188893711043143,-0.307129542250579
-0.787573892923208,0.164874504643222
0.111920368954901,0.835376319185354
1.65378532562366,1.59865031122803
-0.619116333858078,-0.211633266284326
0.21308800043962,0.743916028311049
1.41613682509751,0.632777345317206
-2.8730377705219,-4.35029040338089
-0.894597749311413,-1.17375490248644
-1.23317096254249,-1.72851439543906
0.321622630309886,0.550624036138939
1.53197956689848,2.38019365153986
-0.583745697811184,-1.98142016351867
0.291098979680591,2.54393445651633
-0.36059585424262,0.505671068474439
-0.7010429674525,-1.00009070441895
0.246651788760157,1.59927124972204
-0.0656874724746686,-0.731446197694101
1.27120360784747,2.3154169726791
-0.179618895197204,0.278561970148755
0.399920943251194,-0.795608642485662
1.38990109600871,1.55642264496207
1.6502752454205,2.41905438145729
0.205069479154453,-0.404123518870791
0.370304834380009,0.529697638777349
-1.68055293799278,-0.61945363338931
-2.27191958829058,-3.06044949331397
0.733212681925791,1.49923212687514
-0.174929671314563,0.125468692717183
0.342522812408216,-0.102654410457763
0.28163108654838,0.325588163073114
1.17345072841138,1.46738237936749
-0.305256456443449,0.278447447032377
-0.899246247607658,-1.89804384298503
-0.875075436017816,-1.70343538482394
0.726918468772164,-0.616474109574693
-1.28525527758513,-2.66060203730603
-0.518790818303543,0.664413373807689
-1.99576876119999,-0.932860493247424
0.158754771729098,-0.203988971721465
1.33223590116887,0.447782555427249
0.671392119851555,1.49924709038854
1.42145112482431,1.62435346038856
-0.0135261536918212,-0.123338333973957
0.87581423896072,0.561812694659279
-0.195736696295412,-0.236661889265018
0.549862865664515,-0.573425671684073
0.1396437920327,-0.559788261454589
-2.20765136502703,-3.15756915350474
0.416405592784601,-0.159464800822388
0.122370181149085,0.0482594568415027
-0.716154326819239,-0.0804058343325347
-0.819701645275589,0.804079294530849
0.639678215635484,2.43407747923815
0.328718296018008,1.56154986520986
1.19762669641828,0.827865217252663
-1.94865175100591,-0.272538163046944
-0.791000079229246,0.164529861788947
-0.796615247754693,-0.75598169524461
0.297636025982084,-0.208416824292457
-0.191171836307071,1.67047403420923
0.203505777330973,3.20805938939621
1.50668189295123,0.481257250540795
-2.13880823480123,-0.444790375020956
-1.08788662330092,-0.182897149533901
-0.0511970413667379,1.31281840914889
-1.44578328494647,-1.8986202266184
-0.855916630734296,-1.49171491930333
-2.47484197444733,-2.01588520159435
1.44845963830088,1.81050626992116
1.42717033975265,1.22655683257741
0.8235991355502,-0.266247084777895
1.34211808864306,1.10751677775385
-1.79490368784394,-2.16404632842118
-0.1693020812757,0.840683465629805
-0.149353575780983,1.17470084053902
-0.73407034330445,-0.772225199477092
-1.14461677435729,-0.903938155420013
1.18092886196964,2.17760311776861
-0.807510964355303,-1.90321842329035
-1.11259718910894,-0.938614675539197
2.60225639114349,1.66254812775205
0.276645278479342,-0.414792169869755
0.281834189531121,-0.454134167553938
-0.356769492844385,-0.291556513852186
-0.856816101261947,-0.460228430297802
-0.263674260304197,-0.519866145070429
-0.0396563490762408,-1.23573161853038
-1.4933070369314,-1.39951562429267
-0.791641365351276,-0.672486596746486
0.46623048831344,0.359833294049165
0.623325179537722,1.54833396680455
0.508900111964033,0.521301417575876
-0.110307333557331,-1.3826053899381
0.619586066508151,0.689190492378164
-0.9915063864027,-0.212913345750183
-0.888662260439761,-1.15516750155941
0.564646337933973,1.51972226700503
0.163027562714878,-1.22534816643767
0.341462706326558,0.492612595360024
0.794113134733412,-0.0305984799243273
0.501671068666072,-0.800909048476679
-0.332148499319884,-1.04756007877898
0.870468543904204,0.993334690427244
0.163954375209737,0.702217549675031
-1.24661743568131,-1.61913172343892
-0.141538878630914,-0.221171875995641
1.36466898487098,0.209462522500712
0.246124512572747,-0.154427950889729
0.393990444994065,0.878643756847725
-0.457882893696111,-1.24194364459133
-2.22848957672387,-1.2996495229014
0.621427664919574,2.6900471516068
-0.742033126760328,1.23429227824593
-0.92967245755131,-0.495870025466626
1.6388719821839,2.30963312716559
-0.689026469160541,0.686513068012139
-0.0541259710120146,-0.0734232816011809
-0.799272986911219,-1.35490909527279
-0.0893040800072841,0.289502597156313
-1.10140592926603,-1.28893670009581
0.215843948146423,1.30623776938117
1.72525531823236,1.87824282052433
0.0340116012333777,0.275174146854133
-0.16976670954262,-1.18003892832908
0.519337837575861,-0.368310930650052
-1.48917724960909,-2.84660268809073
1.74638282724662,2.88379838278755
-0.538099241530808,-1.60255846874503
-0.495080837099958,-1.64254749100238
-0.735859102357253,-0.276772759340019
-1.23779842839553,-0.914378950798223
0.924544922260579,1.16299256906638
-0.809185650269568,0.0519244365941167
0.38103611540618,0.882030682115161
1.20725887145502,1.779683998722
-1.08445005342886,-1.6586427687144
-0.288337230565835,-0.581366681881559
0.383030021887779,0.96077659562918
-0.990811438036783,-1.33759054217069
-0.123344791524919,-0.827990939683132
0.83005939382706,0.0749060065721106
1.65265991065819,0.971255591179831
-1.73825735369434,-0.593080471110051
0.907212930471713,-0.0287020815999302
-1.53691072027553,-0.285987018661318
0.540606432191714,1.8706593628897
-0.408726236425563,-0.716863236851706
0.313680288722676,0.884795027109446
2.32597478199088,2.28974196861765
-0.905306858551533,-0.141610810037418
-0.700110693279099,-1.47308283491761
0.551555695539993,0.852883238643681
-0.432649370578269,-1.4528179813476
-0.137258664464657,-0.290953378255321
-0.987035849543904,1.60379259699955
0.413958861223489,0.78272028518457
0.224916640353333,-0.656028723636919
-0.645055876852991,-0.587574755801892
-0.438021731621631,-0.78707012206698
0.911126599595364,0.910653319379874
0.647443449147775,0.83468474724641
-0.34597675106515,-2.00980227300409
-0.695133256509708,-0.813942161475148
-0.640521023888094,-0.345165826619012
-2.18895732740734,-0.6550390194565
-0.047693833195107,-0.997287340937097
0.41683297560734,2.94532751235301
-0.0465797240661337,-0.91968876089145
0.0475565481518149,2.14655913146486
1.31359348016957,1.24587930864465
-0.121771661285042,0.199319504011584
-0.0986977925244336,-1.0630523177982
-0.361811623661546,-0.826154872331909
0.598647444393398,0.47041072655651
-0.266868786445457,-0.571619196850644
0.0262239956464036,0.158317098399397
1.85264435693986,0.469710421000257
-0.887545809227672,-0.22838576538919
1.77985534155407,1.36050974587133
0.73423841814312,0.143988014874582
0.636361225590414,-0.562334100060408
1.00042759148297,0.594673712815965
0.797814686586393,-0.0093726599738313
0.200333483560097,-1.64724472922287
-0.750823606349248,0.402236463443402
-1.82027553050911,-0.0829314607596201
1.36413206396158,2.42853835987482
0.12595486987246,-0.983971893484882
-0.240820087033798,-1.12233066052773
0.968002634647825,2.08120584110694
1.22065522510636,0.267448010235906
-0.374848820363829,-0.00349524055498879
-1.0306145566252,-2.31446871004517
-0.557703963929457,-0.0612320513891244
-1.97694885784318,0.723473968253684
-1.16003906608117,-0.322287484029606
-0.857933933311773,-2.20276723622607
-0.160616497077547,-0.573705258677355
-1.68583257953706,0.296981895108787
0.498329716186352,-0.823702692721117
1.02653985792067,0.0792329811975145
-0.520079137201537,-3.49218450330825
0.365381423053939,0.244427010239226
-1.13958281909657,-1.19424672775327
0.917691905538846,-0.582092600339237
0.290771817913858,-0.864655333608836
-0.418389625884069,-1.68805481555172
1.11566329703999,2.14518393214809
-1.15742124709389,-0.839307078326467
0.142482057749914,0.641309332596654
-0.250552007870873,-0.328538464056194
1.32673394813243,1.81826876757407
-1.11847136082876,-1.19498701463935
-0.343294241404959,1.39921331774999
-0.221351178292959,0.587681690661334
1.42267777125618,-0.459086171626625
-0.915821366460427,-1.12166381174667
1.25112087049062,-0.0685927577964693
0.146731076914394,0.296141308485406
-0.924387383013258,0.0826761815621967
-1.72103180107306,-2.14364064375686
2.16821307350996,1.81836934588508
0.0230522350063201,1.13668514267194
1.91230497519741,2.29529552134996
-1.77870662722276,-3.52169100955642
-0.958299900199458,-0.712225125087202
-0.444963235986289,0.981008795715401
0.200574537764564,1.66738156515624
0.778206024962172,-1.22056893235093
0.235389131107515,0.170438140047008
-0.531943634742871,-0.0718987770979062
-0.425249056272141,-0.586822159135987
0.106364630640226,-2.50148212926618
-0.49143390707991,-0.161516175748763
1.61343678959574,0.806219814103721
-0.682215264134887,-0.318926112653678
1.42472159509799,0.553994771509186
0.362109033675911,-0.717415055053945
-0.935481092324716,0.40047433178626
-0.0647767001551617,-2.60946725542327
-0.208155603496386,-0.958836974453792
-0.982312047561423,1.08210422208479
0.114272092347223,0.4086034476685
-1.39414632111233,-0.238778671374779
0.523341344880914,3.04596513630744
-0.558583885764944,0.519527867992529
0.251037038780034,1.30526537805198
-0.572259002683663,-1.48420991300202
0.932172204679901,0.743943394669636
0.171998139044767,2.1228820459122
-0.442232833100827,0.0329078915498686
1.2833036262592,1.40221546351218
0.603648153195585,0.733857997172018
-0.210982975595126,-1.4154049128961
1.06476555585931,0.917483894600742
0.749135743086351,1.19549386425391
0.413310504848224,1.88684240670565
-0.440824982909723,-0.324879092050016
-0.0762945546206449,1.36925770149951
1.91017087375042,1.99277070414184
-0.0961805721573759,-0.903881215305335
0.186051296764957,0.1268467018797
-0.979465950339015,-1.84032049105648
-0.984852701689236,0.057647333133252
1.25471176139547,-0.581037455465222
-0.0301192305055877,-0.877870903820148
-0.921465631801832,1.18549296527736
-0.0123275621796326,0.5954330993777
0.735566737699322,0.382976817260545
0.748048911165964,-0.29217394777963
2.0280665131741,0.709849637822481
1.39925454853941,2.09741852065328
1.76336397448004,1.96480396290509
1.13863312899359,0.997756754450617
0.697937065263791,0.843138193568479
1.31443559742167,0.453996633754802
2.00018586818686,1.30992968839194
-0.29025355541246,-0.43373440357481
1.21799769130398,0.112042504174769
-0.444555850874093,0.740350912774918
1.0862106071356,0.836187016716651
0.509911020744682,1.7462872121432
-0.513209584774763,-1.07243957531707
-0.681646681621371,1.21362176018251
1.64463413294732,0.964038414426325
-0.288426577557747,1.15249696076705
0.499178976672177,1.23459428529009
0.616838427787949,0.511020168615333
0.0179172900493388,-1.67434047189653
-0.584334712502519,0.0620901811680256
0.860426003299032,-0.0575644224656389
0.984853005353918,0.102728575961175
-2.32340226633345,-1.97908764760269
-0.455323801833667,0.326385399647276
0.153832434882199,0.0880724355137525
-0.715513697002187,-2.42010665995872
-1.44017420333057,-1.94349309853882
-1.50608006314892,-1.2638061157508
-0.71759905265454,-1.26681556636584
0.0137551537198467,-0.90745125636821
2.13357060272735,2.14225946838026
0.139753063813341,-0.312913448523501
0.349558902782599,0.181106314021936
-1.74978166329021,-2.21638702128802
-0.232843363901482,0.829598955967708
-1.03095980217308,-1.40595905441924
-0.488271820966635,-0.847866435611085
0.490056684546687,1.47978867583894
-1.16890908900956,-0.612876006542009
0.766704746014148,0.281406212353455
1.18143135506778,-0.0727116316498726
0.3268588460119,2.67874011628959
0.203360779063084,2.15463608426255
0.179983687531274,1.23944601788416
-0.432562397873573,0.459611126121988
1.16204969483966,1.03985144606413
0.0739005137140049,0.745508209968631
-1.07394589298287,-0.515078585360582
1.0651930047999,0.746474035869592
0.584407400096479,-0.855839498532694
1.50907035924925,0.771999604740866
-0.859131048099212,0.216191710858092
-0.321687176808961,-1.47420368874778
-0.937473685444048,-0.954704692187472
1.43301268721905,-0.329614237300673
-0.361608841325653,0.236808610822071
-1.82019419820978,-2.21910669584089
0.021411897457404,0.764791341820904
0.695202258023222,2.36329011917403
0.48589511039481,1.00791735636055
1.4766602828202,0.275092013635446
0.595274936180548,0.979079324652721
0.207602419710642,0.291031416762784
1.29901745994464,-0.0992548201060777
-2.45099816224849,-1.33657481190681
0.264899341840834,0.96228918863295
0.128130348627259,-0.332791321526082
-2.78211481596293,-2.74960121937254
-1.41565977422028,-1.28707480411216
1.11247192435509,1.33028604138543
-1.16658016872194,-0.713273179100587
-2.03470797854473,-4.11744219932531
0.287173241304126,1.61847713690685
-1.46984206460829,-1.40903764531565
2.01293868449878,1.96580024144566
-0.864809763555108,0.724174201208292
0.445786375014829,0.582284478154301
0.480078932872934,-0.801284303422871
-1.54097623799977,0.918821251353299
0.862057360584406,0.856287572720413
-1.17665822424886,-3.07474333111902
0.974221920259377,0.713379179439695
2.15902969922896,1.80122429016788
0.347086385711123,0.375118227617276
0.475921457573614,1.40701454124138
-2.18350047459923,-1.28922126039266
-0.29898347973847,0.512863151548082
0.707406345765464,0.839541648723857
-0.492071572272262,-0.0936186579414731
1.21869950181359,1.05520399719551
-0.486647712478199,-0.32798106346198
-1.17723041800569,0.400275044642869
-1.25993453294253,-2.08182641975371
-0.727506237073089,-1.21496431122125
-1.90312534311284,-0.0366785230338831
-0.2395650579207,-0.347563438244154
-1.22354131415683,-0.0167595866444679
1.07247862058801,0.198917499941598
0.440881331622377,-1.42093527763069
-2.38518994761766,-1.1728748739076
0.0520609215284944,-0.414471504200577
0.388268445426069,0.859616246662722
-0.736211247755779,1.14050939354915
0.627519263925122,0.462611812472967
2.15453008570752,2.24432762608645
-1.30458352155344,0.44229071456347
-0.658429766878224,-1.55004111253648
-1.65148540957599,-1.61320192151864
0.522766802398916,0.151703681081341
0.366159539332218,1.10837569080517
-1.45017369577229,-1.70299207888918
0.319297438827821,0.41365219018493
-0.644018220243362,0.90262511714861
-0.58308364627881,-0.771193734528615
0.85449033652606,1.36069890905172
0.400558527801953,0.11010566625639
-1.15353466194217,-1.26628076547331
-1.48299999428697,-1.37412664794544
0.395271792029586,-0.677042281445122
-1.33420803848713,-1.59294284792107
-1.02720556217152,-0.825112565054351
0.139917385365288,-1.33020581806208
0.418596955932025,1.32065276992612
1.27740463580399,1.68838180574684
-1.42852102004951,-1.34573276537488
1.32451466726606,2.72687818127652
0.04088518684294,0.313398445683943
-0.848645178886214,-1.73646485436966
-0.0404471556449707,1.31058931873244
1.04858751352877,0.507245657842545
0.728853213720305,1.17028513186748
-0.222249798545411,0.100615403318444
0.515895207961649,1.07501870968309
0.120619163912209,-0.0849534081556001
1.45720993851235,2.60770723290901
0.339194509609451,-0.544458868276391
-1.78618564089684,-2.26967891896987
0.178069184563807,-1.19647348086301
2.02403147299237,1.6027664715867
0.512985711909838,0.572902629355392
0.602872920258715,0.619101326361099
-0.194168798075516,-1.57358638990095
-1.46556460438405,-1.06217615943964
-0.384943061980455,-0.334434693368699
-0.721010932049743,0.826527640540972
-1.27669992917583,-0.20268261375816
1.27223498262336,1.34388209348824
0.160069008637091,-0.958200508599392
-0.123547905657605,1.0086265743409
0.548572834371222,0.577959902224432
0.194677639450715,0.503503244757045
-0.19120784891135,-0.0200692098747579
0.0911136257431201,0.296791033718833
0.264643183215084,0.925880732880237
-1.20353126793283,-0.790314522748703
1.52370000626165,2.74264117354131
0.126893790915159,0.0185877256853728
-1.05742474707321,-1.19500170550267
1.93690764129218,1.72841602184125
2.72843553138897,1.69598692524265
-0.518103997148808,-1.1562518476256
-0.188043028149343,-0.85330766206652
-0.845590535998267,-2.49798433462456
0.100656584426111,1.26968389795592
2.30913742339701,1.87880295542023
0.0177317271027911,0.344145052742178
0.0705976867861193,1.83086865779038
-1.5559420869722,-1.50047832847966
-0.174840138815175,-0.807049986204687
0.186230618879616,-0.312771348614444
0.897052426152774,1.14481160975299
1.08763056741089,2.31743301528288
-3.22958087866138,-4.03339737937815
0.30418622450899,0.158159142499477
1.16614009782099,1.76401117312399
0.785446935392726,-0.0910578625859356
-1.51813089437791,-1.37946975318458
-0.901960168884894,-1.7937724042111
3.63434328516062,4.26273444275021
0.394579073760435,-0.439725172303138
0.383954545477939,0.830778688779683
0.0317250769518764,-0.0750771940346197
-1.67216523544345,0.0845563070502602
-0.337381024529928,0.226513579260887
0.634025460761358,-0.656754962991686
0.76196099627247,1.31318555319542
-0.280021418995242,-0.300980083286774
0.29854808893829,-0.163207825857276
0.50217502519602,0.241719125251005
0.240913802381197,0.411632643929214
1.01049826837801,2.43702768117667
-1.73972038011498,-2.06944103677508
-0.711280748554972,-1.4994035334341
-1.52501393453974,-2.05399560322609
0.820539225419454,0.907615663603869
0.72597904454101,0.246832422518242
0.0182431843924097,0.0304251707677213
-0.552749602420544,-0.442728615363632
0.566045052439353,0.110961416858087
-0.525815460740695,-0.90370573196706
0.470414206019187,0.781644876274547
-0.431960719875987,-2.12218027279571
0.429604405754006,-0.0310486974628773
1.25928670103084,1.36908979296612
0.749666656449037,1.58907078914951
-1.63236991062034,-3.07172031847274
-1.31386017397109,-0.446660075331041
-0.23955303891544,0.659892912716087
-0.294987386265549,-0.580379327582444
0.169601289018727,0.205981815993414
1.13850579509047,1.43356134007604
0.244618234748249,-1.48935521105909
-0.29335847354714,0.417877545752404
1.31104868907561,1.86413168438215
0.906655144358864,1.49064509845705
-0.262730885453413,-1.67294225201233
1.16545549073369,0.674397805458442
-1.37207769082356,-0.86154393769681
-1.20121153783334,-2.05642270914698
-1.04557557781704,0.270610384964405
1.58938945614831,2.97708847265293
-1.16444560648388,-1.19687356755809
0.0360901197100273,0.147259553161459
-0.87780318817488,-0.881646643948062
0.504821484022856,-0.241176599913639
0.527287282153923,-0.482670676535472
-1.07351747469309,-1.54597453574542
-0.0240952432605898,-1.13829830556915
0.0296789196900585,1.52904284789627
-1.52846466806057,-2.44096717176617
-0.217467619428272,-0.761886271912777
0.716061355186158,3.38406990736384
-0.106973866205178,-0.249983288441526
1.46851762040667,0.417759670811645
-0.152234334977291,-1.30613787565537
-0.0925843355340577,1.64494573470183
1.86292134173782,1.44034667059559
0.629290629001952,2.30879057350181
-0.738494448056362,-0.71484330603045
0.181586705505009,-0.539601473428461
0.258804013896266,-0.76296056759217
-0.357188206473394,0.511820877466571
-1.41946015624719,-2.23753744545128
-0.631429487704035,1.70164452423211
-1.50903616228431,-2.70095602574617
0.180969113324066,-0.936906229204657
-1.93025796777992,-2.0942297620515
-0.18038133803013,0.369254519836338
0.0594471274049582,1.74741890354112
-1.5156586617681,-3.06274557043266
-0.0489055085966781,1.25328709964626
-0.76537809164665,-0.228197817392796
0.180247575636616,-0.973851051308698
-0.494094114980735,1.15425534937568
0.260778789673119,1.38271295171149
-0.869539690115674,-1.26057385840438
-0.762464893976973,0.21279093883862
1.33138469055791,1.38373911354718
-0.232191993888155,0.706548837035392
0.515106351024233,-0.648306636997384
-0.279889784146935,1.17677314929671
0.561322162787933,1.31756603555473
0.146692615142248,-2.44820344314265
-0.717201919572402,0.403954366662918
-0.090878415347148,0.207534077623141
1.46281011297517,0.752811149658452
-1.34066697262308,-2.44900747586277
0.416888080051468,1.42655227154684
-0.992868588980801,-0.36458098386353
-0.232385009356997,-0.239357441330065
-0.392442716360763,-1.33869983900246
0.483224172745168,0.385548397603699
-2.19442611004474,-1.19922418266951
-1.31482458776208,0.672228566632249
-0.159703810255924,-2.21558943596561
0.557236264449992,0.934530634678724
-1.58567519912285,-0.883454955740823
-1.02863249194454,-2.09685211502595
-0.45038387496632,-0.969155312662656
1.28575548725281,1.79072519840225
-0.225761548902757,-1.28430680789061
-0.446208558366549,-0.253720555985221
0.911008893393207,0.597537312482382
-0.151666763307194,0.223242706697062
0.476431851166592,1.54148406596473
-1.36639444474254,-0.568819465924986
-0.873276958761765,-1.92092160495288
-1.77102452876701,-1.98228589128633
-0.322894857504487,0.526700492621405
0.793666929194197,0.56466666167692
1.24362711852018,0.56919219158033
-0.452760955441404,-0.36730294939247
1.08214491639566,2.40060232459538
0.48062285625223,-0.0983675887422324
-0.801156632152797,-1.58189116693422
0.60584777218896,0.806970045588549
-1.07890066633743,-0.568008834671572
0.0099193182320633,0.443959090089954
-0.318872734731588,-0.583331071477161
0.812117280777443,1.01585618648513
-0.643871219681446,-0.543402730503848
-0.758216417753148,-2.73519061056124
-0.17729182946911,-0.662499429105767
0.972132397843973,-0.245768136993552
-1.23324450379103,-3.21649593378115
2.11846153524871,2.1526924437005
0.0671991673294691,2.46899672617463
-1.16984973870315,-1.26957323159049
0.33514334399412,1.87158700323975
-1.69777210491646,-1.65503099881043
0.948458136340477,0.819383140863292
-0.88692767552599,-1.30044123120029
-0.327224390883216,-0.256579571342758
1.18090398387724,0.258045278968071
-1.10142853065827,-1.22534043612285
-0.297662998510909,-0.158709263368605
-2.1058306179158,-1.58833831979589
2.12877330580626,1.6973366711151
-0.544964983950559,0.605555196618124
-0.556070699426124,0.246408055498342
0.378603019874962,1.14048103356477
0.469021553063368,1.42856074654416
0.229324272557888,2.32287990324672
0.969018223180623,2.05469914098418
-2.2694995219075,-1.87315491705568
0.118701496369009,0.155379211845307
-0.71790513524598,-2.37934909852595
-0.753672684283304,-2.03429446646591
0.536416167711722,0.472870919152176
0.204958671404941,-0.424380038479863
-1.36534795093559,-2.52055714182744
0.565739672915957,-0.28847515016812
-0.17496217602866,-0.588796832390381
0.49642071632764,0.415026017616172
-0.656145886578433,-0.990561196557614
-0.460228653806176,-0.581276490718072
-0.887641986530939,-0.115505717092613
0.307760819165203,0.175466472129638
0.581267107920122,-1.10013008157195
1.47276557097174,0.716053193624377
-1.33763697825191,-0.949427534489863
-0.40762944069606,-0.0631479521781265
0.272791935474415,0.35785979086518
0.561661078473679,0.59147251154612
-0.346786593130146,0.300292182492617
-0.021415474262867,-0.80985123516849
-0.662355032636622,-1.5936389906634
-0.47662982971933,-1.93173182179812
0.647512859904241,1.29231242461113
0.159695970954325,1.63266738352947
1.4088113899402,2.75207742983593
1.36054208142134,0.22920587406987
1.00196157836056,1.77048723973149
2.22266149166169,2.07299512238489
1.43290777886469,2.30539479343912
1.40230961941195,2.29516460304755
-1.20501762717804,-0.0766250717700439
0.00068006061788018,-0.534701333625777
1.22610742534636,2.14247172948704
-0.376601669445516,-0.125533457525873
0.02123998774837,0.340092966372828
-1.38222938488546,0.169088352110565
2.53666952174986,2.17174998418372
-1.62285414505844,-2.48178260827987
0.243970507814838,0.015273832095179
1.71649787207925,1.50154388074678
-0.223983149080472,-2.05764909044526
0.393298058051584,0.262968376359129
-0.366377698710243,0.248993424238724
-1.59965381775494,-1.96544081546559
-0.0418293947935843,0.246726193711699
-0.574943127034486,-0.524951536043697
-0.401877702331809,0.761991037449811
-0.710384476723163,0.582605203333964
1.83351748357177,2.03788605599973
-0.957050084358338,-0.412762347447187
0.343694412568676,-0.0890523642920015
0.547810893657935,0.0472116762422524
0.819820753488791,1.2731918421255
1.21872618442952,2.18050376477485
-0.37029299657765,2.00732231371829
-1.60569401488532,-1.36803564679456
-0.186873378666947,1.5788253754636
0.345881335576936,0.893346093743377
0.307343941527302,-0.127768238534461
0.276833481293309,0.00410186416520625
-0.104074321259351,-0.576918023069373
-0.446163020291322,-1.09078326978694
-1.08714126618693,0.274421651864406
1.49101487141055,0.593280190673241
0.30503807529449,-2.25191362593098
-1.24043110821573,-0.838320602646867
0.614780457755191,1.19559037566176
-0.0665862702519353,-0.179690081350507
0.490968154516393,1.65834470019037
0.0141343318381402,0.0500645753265132
0.825034368864792,-0.046443964090911
0.206880769799055,-0.663958460268897
0.0786571682068671,0.0429068732104728
0.442243024403174,2.52624203960049
0.587563303189077,-0.581571222427626
-2.79437462731229,-3.03753493394634
0.748260053308245,0.708847141632078
-0.20401592468304,-0.43482156415451
-0.549810126580163,-0.0928393194037009
0.846862298019604,-0.213563939975528
2.25194622745586,2.6938638637641
0.817395959714438,0.635680084634247
0.124372712081048,-0.611619410160026
-0.253779804381343,-1.24395016730821
-1.29880462123048,-1.42890799565338
1.34012007210691,0.0825491812999755
0.888433221421974,0.279128292106749
-0.921141910273967,-0.466180535590722
1.03258320689463,1.92749086972072
-2.00013707782736,-2.60058740310116
-1.62665218014257,-1.72164059374285
-0.0453278566090881,2.5150211964781
-0.292439766462544,-0.671855367428392
-0.868494427552755,-1.17984009526858
-0.195185954162055,0.592082469319572
2.27990501659775,2.81928218330566
-1.04908494565945,-1.40296375704518
1.81409340325521,1.47967820020555
0.709422298135144,1.44623403887723
0.0351617609614969,0.104488051687292
0.118890831652558,0.239355943477229
0.255366381953504,0.613513708542643
-2.22940668184231,-2.14379189686374
1.04038058766046,-0.186757977489629
1.0374009036378,0.73574011136394
-0.175151989534645,-0.843174007824681
-0.594954993386572,-1.60540659274962
0.750782619933456,-1.32469277912759
-1.26555944195455,-1.41753837589422
0.357572556481814,1.54935195650598
1.94055657543336,1.95504409264381
-0.248869283887119,-0.787348075016188
0.53330102410039,0.373526916246556
-0.954824080643246,-0.448444032967614
0.72435513572057,0.311342157280746
-0.680791951460222,-0.944914953220742
0.608304441139034,0.658033035342713
1.10973627263035,-0.45996295361937
-0.163308397217603,0.100756301511171
-0.726431549442977,-0.795882327303941
0.622964618587776,-0.661508637538192
-0.766422757770467,-1.20429641348742
-0.866945498732173,-2.32616299518492
-1.47748100584974,-0.481567016198219
-1.65869761929295,-3.29209001721323
-0.393042189327266,0.508727830502321
0.483601872253848,-0.602262584733349
-0.239676642394119,-0.941867119407493
0.0500673080595316,0.0190309982979304
-0.357962845360928,1.25634601428762
0.804030369049775,0.737541656384176
-0.0482449510472246,-1.18937153281894
0.320463678983733,-0.00362802516557975
-1.61115314777355,-2.54266795049871
2.26070924492433,2.69475330732978
-0.078101532789694,-0.0536857737706295
1.53395294211021,1.43262106785674
-1.7222561964941,-1.76235858235254
-0.398916292838675,-0.478380765096823
-0.141031846249062,0.999956222467861
1.48065939219829,1.52893378344754
0.0381279054307131,0.430445819440663
0.0417827325840556,0.438479788948499
-2.78675847530185,-3.14413446536268
0.819058114841912,-0.473921536961294
-0.0109958042807846,0.934926154198614
-0.410554980344354,0.820230320343483
0.356992028477842,0.511553228361795
-0.473480522135832,-0.671110673996233
1.44214637170383,1.00805227183856
1.53458464246664,2.16995077730177
-1.23836332768887,-2.26456633773183
0.697895525623502,0.35627122029328
-0.813482903004971,-1.47004867694311
2.62197047528583,2.97404191775491
0.196275343526718,0.273361248826607
0.163616758115681,-0.444236687356357
-0.576229260241261,1.28284199104209
-1.39419021512111,-1.25488709607366
1.22114734928765,0.386922129875004
-1.47900412515448,-2.21577275308038
0.112097538569116,1.02317290850819
-0.227497906726342,-0.263666610114469
0.603273440602096,0.626676972325032
0.829020874813353,0.82125323554257
0.453139921515368,1.94648564529537
-0.0639848021012137,-0.975314977769434
0.0803011259111911,0.618972429333398
-1.06733921790732,-1.47567924524317
0.896178570762201,-0.0968263766925557
0.498609849444801,-2.14993167051293
0.372707150993953,-0.7241386462805
0.275192562390915,-0.173221169078336
0.0895478480691482,1.20729262890563
-0.589809858473154,-1.76838943999855
1.68641138558554,2.63991778257655
0.292389536647369,1.13787746973802
-2.07749624052942,-4.89008145041146
1.92629469858376,0.696315131039031
-0.0890496097992786,-0.112907228433408
-1.57607302885081,-1.1631842331661
-0.600867184774056,-2.0801957623479
-0.598416822909542,-0.780414962396484
0.894550804211729,0.476279303418828
1.82822479492901,1.77306487184738
1.37976252372422,2.11821621491131
0.0796588061492196,0.128090155729411
-1.15585183452497,-0.846971903300182
-1.01203645880333,-0.744544330221089
-0.931414211039852,-2.93710292279485
0.217746946134785,-0.762226837823223
-1.0728141105682,-0.187207032210135
-1.23762290906452,-2.254342410528
-1.9442881350106,-0.346914907255863
-0.539374382521856,-0.873829579749894
-0.68398809720617,-0.176098906940181
0.978347029042623,2.23673222068948
0.0811402122718345,0.277008541086858
-1.33606592340223,-0.990895550242055
-0.928097499451222,-1.74934561898485
1.09462103469578,0.0363681775430715
0.427875701148033,0.246269855236232
0.0765832406485384,1.14713848376532
-1.66595754381299,-1.64664670669342
-0.633945649213157,-0.00735040066991277
0.368722095474009,-1.00917904464778
1.08717118931482,0.50850671665574
2.22846090552276,1.94166440379391
0.312022400353637,0.291315784508854
0.345517704709219,1.04084824953654
-1.7361901920609,-0.514450903459355
1.15525041793978,2.11602974109956
0.27757152121854,0.36659449411637
-1.14498861759585,-1.60698134390503
-0.506630159626123,-1.2320262972173
0.789861252235814,-1.14278195156578
0.340795901761095,1.57541778539173
0.653603260744763,0.329647031759323
-0.0323985573855603,-0.643690429964002
-1.58758400753756,-1.47403882883632
-1.2290984676433,-2.30976372716386
-1.52121015935176,-1.53443941181973
0.594760150810137,-0.92535255961015
0.310519231934315,2.36045417400719
0.510630217212597,0.0915513882328802
1.76704274929542,0.369591247497532
1.72241169799419,1.5096514505228
0.37812243669446,1.44343915616257
1.41726730635184,0.419912441880135
0.681593803145788,1.22270361384574
-1.69891894884856,-1.64619831966379
-1.55088872543694,0.092263191791647
-1.12804891981324,-1.28926247925388
-1.72318933145845,-0.3451319786121
-0.329891793215215,-1.25870021258055
-1.02848986563697,-2.13465041125629
-1.48903888105276,0.28900479741831
-0.641208121899935,-0.298330542191186
-2.31815056949367,0.203900407863755
-0.90264983614211,0.208309337125161
0.213609148216931,0.152261160921621
0.328430724734718,1.20626533598528
0.399875032129062,-0.238839153630456
1.58547487308576,1.56198657116442
2.69011490969214,1.44428432816438
0.31633595588356,0.621546303513157
-0.608948349925891,-0.1359883504419
0.723897527264758,1.08760414493385
-0.177611672962461,-1.29427928434651
0.168439775617359,1.91802220681279
-1.19262832030583,-1.78112536206108
-0.293237385977751,-0.0535578309256921
-1.72893854867779,-2.55546005606374
-0.411514767502691,-1.56607574777573
1.29656267459009,1.2391940177575
0.329678520966358,0.846717236423465
-1.14905696298124,-2.64518021698303
0.416796962775296,0.114738230270231
1.43264096170219,3.44113425124675
0.447933906442988,1.16902659609815
-0.816924718706612,-0.716112964314312
-0.743354887829802,-0.593034363354796
-1.15055683871307,-1.89872603528778
0.0850221652395609,-0.0314459660342565
0.0891725758362385,-0.751268136031593
2.30875270102524,2.60864484255437
-0.249326610297566,-0.953956019657391
0.352074690434361,1.28211420771236
-0.209405330552635,-0.59057976398385
0.398023125726496,-0.697089482514587
0.825873806500457,0.667620284842178
0.177813778081347,-2.50040850340303
-0.600542871512011,0.750365053847381
-0.232812589633299,-2.68090077315357
-0.269586212633892,1.27094444513238
-0.545731636185344,-0.665828977052834
-1.22272861121744,-2.50751311444772
1.36568636940437,1.25111512745659
-1.1596966960629,-2.13871798211177
-2.02777778217643,0.181069724512243
1.02774082555689,2.02889940451878
0.450755468717978,-0.419502334351919
-1.12624429830872,0.653522326221312
0.505964114567261,-0.392869060168824
0.555406287552859,-0.163806243989125
0.891306874631564,1.24314832637111
-1.54809773389278,-1.44084685287713
-0.635619339453607,0.00930477994241796
0.175274573343745,-0.155592388600307
1.4947687697215,0.117970943428956
0.425077174455548,1.01329048934796
0.277224146430445,0.586875083820888
0.644658413596908,0.763570033617539
-1.69635021619956,-2.37760336059456
0.313924259851385,-1.42058148448766
1.3545362713153,1.68633116417543
1.56637027943904,1.17378205616693
0.271462359612867,0.95941213939773
0.240778332838546,1.93863061770723
1.79149234806253,0.983613551250303
-0.523811662962001,0.507342482245025
-1.2737668879522,0.620064412862059
1.87134982529942,2.23652018377636
-1.01936777099961,0.199378044082041
1.17495741099797,-0.0989020843044037
0.0829512307854311,1.21325366010774
0.0557792250748356,-0.970155545114624
0.479296998686538,-1.2753019182692
-1.50208749880773,-1.29590178040425
0.0120184222654937,0.486947599827782
0.332859257946038,0.746126283757932
0.499802141867919,0.304120794028679
0.259418059990977,0.512322724074981
0.654553413697314,1.60005922786441
1.3308710266568,1.57039221802801
0.208908061118489,-0.205203957302391
0.995170363278223,0.434970585823809
0.0388645683481334,2.16536855104776
0.591832527263699,1.18681109474798
0.106134563455441,1.74546286716315
-0.371060191316693,0.314000486395242
-0.273722815592491,-1.18194374700716
-0.454840785669792,-1.53651817153313
-1.11260120167493,-0.955143645308923
-0.110846700706085,0.798655126062234
0.507831447751561,0.344857576270246
0.316595247025135,2.05670946856528
0.804000570669676,3.709651939133
-1.18856890288981,-1.1886897508457
-0.030069475273892,-0.140904709194199
-0.0186524812047099,0.852862816746008
-1.61157761509596,-3.07376066416518
1.4461168123223,1.6210528177882
-0.525085037236035,0.544193518980011
1.05381866216107,2.25468688712239
-1.23065998068546,-0.542665727351223
-0.296483738697922,1.76345997151813
-0.143326489769514,0.284316608612024
0.0737843190411779,0.258620883438374
-0.0144787103616095,0.84749500436122
0.847319111804582,1.48262144951577
-1.02100210760529,-1.22420401613094
-0.822564690749977,-0.688889939807509
-2.61212872101193,-2.22012600136703
-0.643601758150178,-0.194889371556441
-0.332451375719757,-0.139316212311446
-0.100785349191172,-0.248302828533514
0.99134593505755,0.809538019005863
0.618235837174891,1.57497505888147
-0.173807134299078,0.39665859961428
0.831864862185612,0.115962491917399
-2.15559905595335,-0.497407215962949
-0.257214638059424,-0.717701973584106
-1.73726278602877,-3.7230306092703
0.281381187492374,-0.352404708268946
-0.908779334621137,0.834038850110452
-1.31420526252258,-1.1956874939314
1.84006776392651,2.9233664712553
-0.815347471670087,-1.3720924814859
-2.43486058706676,-1.57177549675135
0.0134464897661559,1.06753498199754
-0.36028868674585,0.850101047484291
-0.361184916374814,0.343791651881436
1.48426623861331,0.155592613732192
0.6356195684395,0.485429937645728
0.859857432146201,1.74673992976607
0.988682220381417,1.82792035169274
-0.729393566388874,-1.06591711421435
1.61168786120732,1.23336293246843
-1.64713413195609,-1.61477785518098
1.26762941394071,1.10060932032656
0.536319301055747,1.23347619547132
1.1575550875386,3.38696913426925
-0.0102314362939429,-1.23519291354101
0.263116497404096,0.730671080161856
-2.01354571347915,-2.70426302244837
1.21880580409,2.33964578263093
-2.17374290214836,-3.5440968074065
-0.566764367434163,0.404526878326693
-0.697565486842232,0.582231003683492
1.10391565959198,0.717692278556298
-0.462669620596518,0.22827817566475
0.284920054883469,1.08154365428627
0.071668063457231,-0.239208747989433
0.0342289220903433,-0.140987161134025
0.0384774048300085,0.541723671201059
-0.7523082539703,-0.831688562357701
0.0654761476046673,1.45432946716774
-0.423904008802431,0.00833233968621422
0.0791123647634041,1.33569833591283
1.52672584914237,1.43536274681413
-0.936848780898804,-2.7220753915407
-0.0729350940539086,-1.01786435071365
-0.442071951306604,-2.17401142949776
1.35980724986174,0.669475978261292
-1.42028628702882,-1.01555709136017
-0.242614445290397,0.58548326901742
-0.244600005538022,-0.849515059389025
0.664802767142639,0.735478650788408
-0.373374742320619,-0.325561354585588
-1.44414620966127,-0.925400695924657
0.112714392398398,0.15424470108245
-0.799724707401926,0.348741023873407
0.255510002688897,0.137201446130485
0.398968490221684,-0.650141116252435
-1.28805410939445,-1.96723441102394
0.0849013164123841,1.04574333288552
0.718767185483592,0.835559690665468
0.196942224890854,-0.440423105098428
-0.0798184443158034,1.22462392380969
-0.56508236746702,0.065438257731651
-0.748154335792373,-2.53286741954083
0.803030831182416,1.63097108575106
2.2220648616867,1.63767140633655
-0.974598909851325,-3.05265025553875
-1.43654148130974,-3.72154204207852
0.524893625132308,0.826828960103379
-1.04278465561733,-1.65510677921572
-1.01535664168644,-2.52735451322512
-0.663044936019227,-1.80266472010322
-1.44312057666663,-1.61744779809822
0.118677574008775,-0.482012550969657
-0.397805579381553,-0.503188347474327
1.33847029170538,4.11604712572651
2.79780162214741,3.00059551764621
0.0136468230719012,-2.09191447687882
0.64347636640465,0.189267257743866
-0.584518355959986,-1.79656533406685
1.27900471998859,1.3354236326851
0.439176466478639,0.799235215142963
-0.68185987298765,-0.360534069712826
0.223901118720745,0.162269839132246
0.838948863565353,-1.03995483883404
1.86214522722997,1.2073535439478
-0.0662554364052916,0.967125331392512
0.561353017324915,-1.26639354879248
0.429780472804694,-0.76033602235842
-0.201787798205379,-0.77505429396545
0.843349821913875,1.41293886510199
-0.71507668390665,-2.64024646582936
0.285146317380676,0.836945086431245
2.0947640013275,3.56359838712157
0.803528649206013,0.359605786530829
1.7708692194015,0.530705552925473
0.299640571894361,0.929067394029697
0.475541609869561,-0.254830405188832
0.244301746170707,0.0231781705708691
-0.425450775545597,-1.24132086688598
-1.07103887565723,-1.70942056493834
0.0152332336041943,0.329122380270437
-0.663543255860288,1.12702430252488
-0.703699888381167,-0.657717781604212
0.922941538547844,-0.443373563813596
-0.162922443777649,1.87655982229238
1.09185205838279,0.657759525730849
1.01275908099308,2.07200166669392
-0.100320867089498,1.58477328801698
1.18570221037154,1.15226011907745
-0.363403839710142,-0.69539403431972
0.204602751020233,-0.151757537717867
-0.690282141323383,0.418725366892042
-0.549321638778235,-0.446083615934482
-1.2025802099011,-1.61162355636853
1.69078766472948,-0.12211028989301
-1.73171838092101,-0.913205753312419
0.342356168234795,-2.28321221434976
-0.0543312237078755,2.04371454538542
0.0630315364475725,-1.38098059571823
0.194133583613081,0.0209040164030317
1.59840787903197,0.536976769476706
0.115954324982015,0.710076467826492
0.461828453022858,0.676293443885177
-0.218216886397599,-0.333846218791223
0.170674358624183,1.15407848139183
1.6196108719641,1.01007499603974
0.622020210160205,0.317211882893571
0.197162279989649,-0.46768215114576
0.723895124455876,-0.448985930865182
-0.695594383063101,-0.629948805774498
0.0469756913343795,0.861135136904169
-0.261844475823185,1.10724282300624
2.02953871997587,1.05061814015957
-0.304745390124003,-1.50336648106859
0.593338760846139,-1.18838725561495
1.21715957957824,3.18209597205112
-0.0296047385129083,1.84443964353572
0.536990475755973,2.17300199656695
-0.114114891360545,-0.613089576515193
0.308823194997814,-0.413577210038787
0.473779439516535,0.0652814893466838
-1.82679357920947,-2.83492554089466
-2.24742282474378,-2.02020662547352
2.00440087098234,3.14089566842085
-1.29023300618182,-1.25959047654111
-1.36120058513912,-0.988887970100202
0.430007929559837,-0.197402711890241
0.658363435246508,-0.0973891671853486
-0.999955917754434,-1.81363979746347
0.44241281208204,-0.330161617062384
-0.494149890381715,0.570832092114272
-0.622470139529289,-1.65590370874744
0.0212479351716061,-0.108170617430938
-0.59264535872815,-1.29546330867934
-0.185067532971694,0.239484137637889
-0.944578950073841,-0.816543862976257
-1.32281661064982,-0.728241920087748
0.20900774235373,0.432287557708263
-1.76874946174468,-1.47804522496794
-1.79127655585519,-2.44710030634958
0.274201729197105,-0.852335650185652
-1.06275192297113,-0.959310711702852
-0.102521263653645,0.809386989151768
-0.455037521114258,-0.65200564610904
0.648863423558669,0.282271176137272
-0.136433234889412,-0.662533977225496
0.799145363580116,0.879170217853513
0.885669252117871,0.979708673169734
-1.17228686907121,-1.33757462081897
0.619565596618039,2.2316647363973
0.714844790119153,1.5274435206208
-0.324752289410985,-1.29280504841353
-0.8252479930312,-0.914807609659599
1.40657282451464,1.2502354556777
0.156068749169444,0.701859005222658
0.525147409525313,0.602532153960618
-2.15014565592393,-3.10046888551858
1.48320548575764,1.00092510513614
-1.2943136689294,-1.05994308421699
0.429887920922759,2.84172626433617
0.511124835670151,1.82656672993383
-0.524779589976212,-2.04259726279431
-0.123984187953413,0.524572196727081
-0.405150530668471,-0.841542756262271
0.556156113292212,2.03985811934337
-0.930175175166163,-2.08354165530035
2.02780577996548,3.85794231933413
-0.738376630780883,0.110211759562567
-0.909444325161573,-1.75850338313377
-0.463281384016594,-1.81836050759968
-1.17053353036839,-0.766243073121008
-0.375985241855187,1.16542539794019
0.0996224496662435,0.509484423184732
-0.56076402395456,-3.19949247856402
-0.927711224817249,-2.79674119994614
0.0114673177939747,0.199802643338739
-1.14305507554843,-1.15274924817476
-1.91296685612892,-0.838053423424268
-0.170597399634105,-0.171186688492623
0.490988417267045,0.0990193331643444
0.973122006954383,0.287573891549978
0.423506328143841,1.80669786630954
-0.261756011620271,1.0585601826932
2.42952048698958,3.19108113437156
0.619896509808757,0.917509775620236
0.116476629547879,-0.595200701669782
0.205212269085672,-0.527340226416779
1.17725765848388,2.14316878261241
-0.967239793522142,-0.802346727041852
-1.26867624437243,-0.156448820717551
-0.614945650063896,0.110165530115903
0.921887984515543,2.44917239004688
-0.511350965282689,-1.81142853554208
1.17895214622939,0.509160938924646
1.71928317279553,0.357868928258229
0.214270183782211,-0.660946178939347
-1.27970329550555,-3.16522786962632
0.0844266732810227,0.0542836461124248
-0.256983499337757,1.2680846134152
-0.768646907420162,0.0495683126304386
-0.765846353822776,-0.779416397328966
0.359126624533786,1.22339011054958
-1.03150101988418,-0.155358739278615
-1.53922949803741,-1.37190568091802
-0.210394549405092,-1.54717882498833
-0.490706290433881,-0.515565910443512
0.750819658023699,0.577057376943317
-0.662918567930184,-2.57524402636929
0.602483948944378,0.777259516733238
0.331260376321269,0.769124101872727
1.33790574328745,1.85323860712032
-1.07688273290671,-1.02358202275733
0.988828322779576,1.5319021362636
2.50581072749779,2.08440069301849
-0.884649655231158,-1.80280452673765
0.834300333039502,1.12752206490831
-1.37389970666742,-2.44475357971573
0.736063882938284,0.648856008863361
-0.45706933333292,1.26544200821823
0.3256395182648,1.11484404986124
-1.23936050557381,-1.48537348457843
0.407723000047637,-0.287045524630985
-0.331648802889075,1.95940933229454
-0.472868885370454,-0.54061458216423
-0.714684114130582,-0.162734856967991
0.273276097528347,2.32617958750169
-0.787240576096005,-1.23849410934223
-1.16232358453783,-1.50094117007591
0.282657480663999,-0.102156051021189
-0.959691333576919,-2.34310895635862
-2.08910790257357,-2.98942403280642
-2.51204048915818,-0.525846401597136
-0.23270283356192,-1.54511114217068
0.383372061399958,0.176665012877651
2.47673878152753,2.99224724455246
-0.0175215882084678,-0.137489818552902
-1.90826574356877,-3.74547869508378
1.06310837007717,0.124251336958561
1.65356353562353,0.585046118208333
1.92221318609108,2.40183251979709
-1.5323995524823,-2.18466458931918
0.277295649462421,1.40671806064988
-2.07972018171273,-3.24154654094316
0.121517742592583,-1.07041429654606
0.49861714715135,0.842563377374854
-0.822346875424881,-1.26253091004257
0.422790842365383,1.92913248375364
2.12719299940547,3.28789736523035
-1.01177583731165,-1.12558514730543
1.55065352437404,1.26611120661341
0.813664186773833,0.319646591105767
-0.572094809470319,-2.73993157031007
-0.653010716786794,0.291527491403264
-0.067772229746771,-0.00372699316658749
-0.403067020180497,-0.690434274206713
0.20806018245304,1.3594256718243
0.201775933407535,-0.339117947456864
-0.0123832188353251,1.43544800035854
-0.0581424559344258,-0.407591571609503
-0.0366622090014753,1.2620055509848
0.820372466806777,2.02708012289078
-0.0981530594638969,-1.73565449127823
-0.915673588122435,-2.24505004513376
0.303525054950961,1.11063215638201
-0.553487492480726,0.580388255927189
0.738056579507528,-1.41315042314058
-1.18226282860803,-0.447803017623837
0.194828783014766,1.95470554855435
0.424404188366998,0.545987737202558
-1.61713383460269,-0.537495775037828
-0.646949482879481,-0.117756905420651
-0.742750182913588,-0.112355659313388
-0.459545620757321,-0.381947853691101
-1.09295434765863,-1.42454653213323
-1.17610100101409,-1.37184407520675
0.239687427439385,0.0096103458240529
-0.0181813450948463,-0.478070346437845
0.868858826503211,0.875261596855545
0.213430730999635,0.725881980702578
0.433132760191716,-0.0625005259799162
1.2886722636967,1.05074924151452
-0.851757135394904,-1.469880688695
-1.52809598547312,-0.877894620652679
0.0118226294413893,-0.999345346935457
1.74567184989754,1.62477040815443
0.422231230106574,2.06646085387861
-1.74350477041327,-2.02721092231416
1.23086345872907,0.929952967990182
0.107245267785926,1.15484212849755
1.22258318033671,0.877365589969572
-0.438398451781525,-0.848720169815974
1.19146018296958,1.0432552114347
0.140624624851988,-0.616864427667645
0.895230645539715,1.10790120139884
-1.74933474536659,-1.44505136050053
-0.585942827489376,-2.12984792961776
-0.576981819984408,0.273450358253195
0.116150998660438,-0.946571376363126
0.103241600123713,-1.20814633146296
0.468144381476996,0.641787683508542
-1.26346950340787,-0.035314184366495
-0.562058205608199,-0.789615050929098
0.465430940975007,0.303646884189386
-0.263413786553795,-0.288409905745581
-0.272844614779986,-0.863494366607356
2.70264269954543,2.35847820739741
-0.183123210827657,-0.532968372268925
1.50077633531078,0.0961278964886279
-1.21505608774224,-2.676631764601
1.13481336972659,2.30612639216715
0.641650740786928,1.96440912597378
-1.45104095645943,-0.556644812034826
-1.54640439611767,-0.947474526949999
1.08485380743584,1.40127915097728
0.877124588140809,2.61910704811618
0.287001878732573,-0.369974956929188
-0.585828968439476,0.945015576660513
0.379147755833259,1.56779129552205
-0.177710769081828,0.560856510603926
-1.13605134776631,0.620814048070488
-0.323258991729939,0.128005185180064
-1.3974161147621,-1.69996970248427
-1.21180971550326,-0.184118579640338
0.305575911578984,-0.447721854630953
0.915106392787057,0.320400446924427
-1.18190370972077,-0.952431961250902
-0.612855615508059,-0.455730411861147
-1.56201786428434,-2.21693105087148
2.44717316654494,1.72907481951678
0.893924469945152,-0.163351395335605
0.207876385654841,0.780293693124859
0.731596317183616,0.854036880041812
-1.21248287867258,-0.381653096644595
0.551778188635962,-0.760923063933621
-0.0239792753887928,0.627734955467644
-1.06091265070699,-1.14938137696901
-1.4019800277534,-1.69575164416846
-1.43526893274747,-0.823128202392787
0.628440264061763,0.876169582189464
-0.487532783979737,0.0457869857000204
-0.480542430663766,-0.551564648108518
-1.30229921567694,-2.09053227765329
0.296697290117118,-2.07999091935023
-0.209814829705191,-1.06267848004009
0.252792244494011,1.42726320361812
-0.121269252400288,-0.606332077072457
-0.89710203412832,-2.07791083469695
0.593016303260043,0.734293349639731
-0.525205361080417,-0.896444374957849
0.132765675939189,-0.349675628246347
0.685011750936407,-0.796008774389479
-0.872916581636391,-1.60721018037627
0.995732796513061,2.42350319054027
1.40117456668733,2.75476442332442
-0.100570810623599,-0.63314119324836
-0.203802366732852,-2.07327433767407
1.10973783489599,0.227337919828012
0.51507727261214,-0.108429403909452
0.293945396202204,-1.24503059484002
-0.866061783206092,-1.39601818118435
0.776020573160976,1.09255337558023
-0.0815565274798262,0.699150802116347
-1.46440253419311,-1.00059349989833
1.19913656439191,0.780834243381298
-0.134473641739819,-0.68304259024225
-0.487949699506294,-0.223914981610949
-1.47184668439089,-1.0834286435161
1.15792198192712,0.709814745174101
0.923417393548294,0.870854103772219
-0.509305933490853,-0.159945202317757
-0.451822897082186,-1.18889004176241
0.71332021143367,0.545018322653478
0.515245582423591,2.2359560455047
2.00863920417482,3.98654601175862
-0.508190632873873,-0.951515049124968
1.05686193561974,2.67694316448661
-1.19893066173978,-1.99009718634257
-1.26146735811888,-2.60229567512813
-2.01571598581571,-2.70052627757159
0.108706424813477,0.543311469051224
-0.543280620281052,-0.606289139222074
0.503731668102329,-0.670717161174631
-1.0283753174843,-1.98038211614754
0.230979454519387,-0.241268452059985
0.285095447276652,-0.240347138075468
0.274838028361918,-2.68042314205096
0.878642597212118,1.59206845516079
0.146112773090738,0.281248886317405
-0.164097548444204,-1.08960445890014
0.125054931244679,-1.84997226209626
-0.743824996809177,-2.38538607721105
-0.641946295097629,1.82992930991873
2.04036998460812,1.47161652460863
0.303135053437666,0.642722679421272
-0.00999399940904742,-0.424265657714627
0.529207530091433,0.385056487335735
0.818999819203944,1.04137706051418
-0.0466754495964955,0.302155360613117
0.283996889856621,2.68565632121941
0.504380581048252,1.62879518812616
-1.2877446481284,-2.36923698828066
-0.911573845904591,-0.569556344919125
-0.414004660717754,-1.56143456023874
0.243960241463778,0.25196999732709
-0.333502080949707,-0.505329418838766
-0.867765057472997,-0.978327240494047
-3.46172957274005,-4.79102848805415
-0.0441853759834277,-0.689706676242999
0.347892234469106,-1.54132513581984
0.374189460631786,1.89479736092442
-0.159796586906335,0.771258465602323
1.94296996313412,0.507901783314674
1.40638090266255,1.90154229746498
0.130629317483507,0.350169982783873
1.95196650304473,0.335453770881995
-0.58110882832721,-1.96250579076492
-1.43661733506627,-1.18754240949995
-1.09448853906678,0.831384888356689
-0.222106898681492,1.2122031275314
1.00339106510677,0.861172584550654
0.0257467214232492,1.26240180337523
-0.405615755514186,-0.759865657035483
0.0629397958392864,-2.365366848524
0.358423094804976,0.352265046863373
0.635432454859079,0.573369254097226
0.117795568085054,1.15989044085695
-0.48463158389855,-0.323203449951492
-0.368911120722907,1.28021413002932
-0.642529886802502,1.27312291508575
-0.347614728332368,0.0353735441344044
0.533732185334427,-0.374048906426534
-2.4994415983888,-2.22797117816741
0.120707516317018,0.400559799964988
-1.0589611001445,-2.30451764866867
-0.983275576919409,-0.786523062618461
-0.49409529183132,0.227947892715382
-0.884319211576293,-0.611176935963813
-1.69758364328915,-1.43050432399193
0.687671038236745,0.775314842851011
0.191192851678665,0.654157233324709
-0.772674642611516,0.249836757061839
-0.154354285581672,0.292618861772376
0.405922855704162,0.430204406345073
0.224643285478266,-0.296186975455308
1.10384561086902,1.8415995668983
-1.67434549848197,0.594408205259551
-1.45184387335734,-0.792467207717256
-0.589597644908571,-0.744454186721038
2.5268903165447,1.25627333430128
-0.80531291793222,-1.96179321094216
-1.73759330169369,-2.31195805041949
-0.908571579541036,-3.12755630246192
-1.78089253685376,-3.03174049549913
-0.551240864413891,0.219895214876403
-0.636547778407811,-1.0224784463533
-0.204100021383346,-0.897152652199072
0.827559125931098,2.26922342673474
0.26033513628344,1.32430421725233
-0.127211601951286,-0.683155650724995
-1.00709843859133,0.386751671495279
-1.68595209177633,-2.2036726894627
0.802934103519316,2.02739908895372
0.231328652943369,1.01494246192894
0.679315055925788,1.68359515027421
0.0177719036911479,-0.587273983027444
1.18546946181959,0.693840717565788
0.528598691118778,1.69537404540409
-0.804002643141599,-0.561517580262756
-0.162327040625138,-1.34679883850063
-0.589152895149621,-1.59487763375762
-1.02185803783529,0.0780628078253347
-0.774375429094645,-1.30867459696637
-1.73618018728344,-0.653217403241
-0.483672876178237,-0.263781346212838
-0.865399297420912,-0.80074477306613
0.657267926216075,0.13257113201883
0.0508242669334164,-1.08165940865682
0.963587909974594,1.81417850931545
1.44885918833845,-0.00713656648961369
-0.670200084733972,-0.302661138932588
-0.475657195613787,-1.39159166501392
-2.30394818151426,-3.83854427939338
1.58090205527101,1.20924810929697
0.372726560067584,-0.0340435461615079
-0.301466518346011,0.208775864227224
0.183794914744872,-0.784950245049905
-0.259309866073895,-0.269064501808291
1.24435415099452,0.00540115730400714
0.0994728063131137,0.0121804364723353
-0.98648347381381,-1.76791590796694
-0.725833662173823,-1.72033374512652
2.78609744576166,3.2995978185384
-1.01106356644441,-0.311928202303191
-0.643056107714268,0.600418579699534
0.786095668918234,1.65136298435926
-0.383193014489392,-1.23851310505335
-0.918593034044723,-1.09224524273597
-0.686255551261233,-1.79109338500367
0.554527938491537,2.33646999422157
-1.32609188778604,-0.990346216078968
-0.237739349496425,-1.19153618464088
0.484673091847092,0.670603446269273
0.109352272651075,-0.685594118736611
0.873053031585063,1.33735772520111
0.406162011390236,1.37518946671659
1.22111768594027,1.44000526069433
-0.319688700860281,-0.641068027225328
-0.897639992439682,-1.60856051503407
1.02628165829191,2.11584341531634
0.28120077067006,-1.5920671956611
1.96626370846089,2.11211001159434
-0.317397520436465,-0.258937597520541
-1.80761961398758,-0.604212240802886
0.447534308634421,0.0650016763362042
1.10903343088241,0.408555889434778
-0.788910581059212,-1.31203582003268
0.733000252994913,-0.409835185039069
0.709979461778125,1.07171839309702
1.39548012841069,1.38721600292023
0.61788527335974,-0.671505239569544
1.03900033744998,-1.33541426461279
0.161094151261365,-0.770996195068765
-0.146630600654117,-1.86441117607601
0.471729909197499,1.0548539590067
-0.116464812872064,-0.538189939786714
1.21903301449832,0.358503593971426
-1.10765441353893,-1.76553754957874
0.928169591858769,1.45314111891603
0.788847863881642,-0.252538041151608
-0.821513425278991,0.920036071867367
-0.192630498268057,1.19867035165556
-0.304061060294665,0.260052243426902
1.71746541844152,3.00749046073433
-0.106030026648031,-1.17728446376225
0.904602794190079,1.91035515390618
0.858946733717104,0.922523744543552
-0.613780444345967,-2.1313125072075
-0.369348744109584,-1.16307003337184
0.534671657146351,-0.719069062985329
1.62424797674685,0.0671697398043949
1.17608115211799,2.60805543514789
0.301070330182001,0.0976775164320443
-1.27261040689563,-0.783314852853385
1.10265237889621,2.36435489094468
-0.944975120067516,-0.0651729236655082
-0.534982717242382,-1.11455475185343
-1.12936434011453,-0.417366990391264
-0.895439649715518,-0.430762204124274
-1.2925328413007,0.281457538243112
0.238540494456731,-0.413593054181388
-0.238630035438171,0.476165518596887
1.16562703105855,1.30141652861154
-0.347460771649405,-0.704270513185478
-0.647924385080548,-1.25977551591975
-0.850127358669476,-0.669641725723876
-0.354608971212532,-0.694041308791695
1.08347684683143,-1.18282417394494
0.21364561666473,-0.875766763409883
0.665995803273237,-1.26165030492483
0.504651833395462,-0.999895064108296
0.498427576738538,0.238457571678284
-0.515845444566273,0.590716596543526
-0.234414685760758,0.33548913715983
0.292064950333636,0.683573729183695
1.82289788413398,0.00188883998456357
0.437321866332466,1.39970259170307
-0.276753119574567,-0.0203800524676535
0.0491423816169063,-0.0266212791813884
-1.83663591827579,-2.67810941737136
-0.0454267571299208,0.927786185297517
-0.387760457780117,-1.52804527235546
-0.532899776260358,-1.34189751228173
0.0958720824695415,-1.42133833159564
0.488225532793249,-0.895681833307539
-0.871836725688169,-1.25128576875323
-0.985056639167106,-1.60579483233265
0.049852553849573,-1.01891191566823
-0.222348119578378,-0.74276786822414
1.30976599471029,2.02478913454957
-0.215153510260177,-0.0883323725728124
-1.30202820792297,-1.28861549719186
1.36113201150527,1.29666382669538
-1.09441123478109,-2.33409263946982
0.976891746457153,1.47964268153575
-0.894807260646643,-1.23002523419027
1.19202669878639,3.00289886901493
0.434013342694403,0.472627353338321
0.121493792606828,1.80099330465629
-0.779193899861293,-0.457285085701478
1.14346006608477,1.38672825441718
-0.163937575335485,-0.342446115911797
-0.478345958869492,-1.18452972022013
-1.76465769064261,-2.96308433699913
0.49543100079929,-0.239516164492349
0.442115975947832,1.64709635862406
1.17971090527387,-0.00227735828453368
0.802991265191127,2.58044446440235
0.575150917353491,-1.05449149064786
-0.107025417053796,-0.474252886772262
-0.359006036768918,-0.0306939178648114
1.1128096759564,1.48464141988862
0.0531571723238819,-0.352398757169412
1.1375847456659,0.172534840517794
0.909680076457555,1.24609621487632
1.51518535016782,1.75532842495507
-0.133881683928121,-0.92629962403925
0.31146293133353,2.20625269690255
1.30897531771283,3.78906407662359
-0.631097749336956,-0.73635597338616
0.511844369086838,-1.76736895180012
-0.913142944648125,-0.993779368941505
-1.25531765521066,0.270133401675883
0.0779364958227787,0.443928103261017
1.48565859718827,1.39255232463564
1.92047559288908,2.47887128933299
-0.922623562526437,-0.504684679323118
-2.51759134875944,-4.547854822675
0.851565837543747,1.73371152797306
1.06250791028973,-0.05242754921662
-0.133319539909746,0.43235424681519
-0.0146943158688213,0.414150523212926
1.73825646254901,1.90166236749372
-0.0514267425324529,0.737189932879115
0.879946788385399,1.00947010810089
-2.15969281726458,-1.74784270375446
-0.819098230107485,-1.60221684369221
-1.19149859723716,-0.900588083784165
0.0730198053587001,2.13257152690767
-0.192724776172918,-1.59796697363919
-0.56091508843367,-1.5303908152969
0.526663358922527,1.12800708077599
1.29166749579764,0.801771802536217
-0.571705572486225,-0.739866671232058
0.0663858260029717,0.977205366497107
-0.320016300101028,0.126187511063537
0.715844720543288,1.31218456904494
0.925370554278855,0.275534877267702
-0.238338335161282,-0.506547397597131
0.887292051634252,-1.03135658758611
1.05794708396523,-0.100445053195932
-0.23505007926387,-0.58143239913491
2.0225489635369,3.24966021245221
-0.605507718055238,-1.04715102143028
-1.61069056959264,-1.18221943594187
2.09857075135535,0.826904343362102
-0.0687818751298266,-1.53710193084431
-1.52518190828347,-0.0934044677396539
-0.480029666932106,0.82309357681757
-2.0069430604149,-2.50196670378212
0.676070849703294,1.28843672002377
-0.0321635174132784,-0.776151677121552
-0.726195841752298,0.462373971855734
0.193962817096471,2.1410189263386
0.163999036298052,-0.0121187377097481
-0.654866114801606,-2.2036908805318
-0.328269750330611,-1.58118374802047
1.07980666086378,1.17859724407632
1.2850944229223,1.20723957065532
-0.102686827658722,0.220140654386607
-1.3306071202912,-0.250726041144095
-0.728635912806731,-0.282891387473046
-0.860693279047898,-1.58789142651772
0.921415622689555,1.45073815885768
-1.18969035185204,-1.08433667591154
0.398670492120652,-0.418180913523698
1.02965815680002,0.198124357518845
-0.0954667294035008,-1.44462028672045
0.408335977373176,-0.104994913948097
0.880210156101866,1.98014820456038
0.578151539863612,0.947388143893683
-0.0500319579742182,0.340403137536421
-0.366370516702341,-0.662879912436002
-0.59770869250288,-1.05788331687576
-1.204370014666,-1.90278991856195
-0.523099511821421,1.62605255945793
0.534296429511153,-1.28403983326178
1.71675999129121,0.293707259001199
-0.865362583163099,-0.521697653244376
0.0876338658867737,1.01010952689704
0.380421643775543,1.63319169127552
-1.18288008601747,-2.39901532423609
-0.567697913351584,0.835100550014295
0.520955451943129,1.61782240490634
0.897150739082657,1.3663130760536
0.750316046704215,0.768121137708847
-0.0160086008029062,-1.37568471621467
0.72548103243741,0.852791705218561
0.389601898476835,1.05376098539651
0.0422655453969678,1.54267210797295
-0.944029520266586,-1.13453264556675
0.0971905071882196,0.762342997353686
-0.438041820103843,-3.66982098460451
0.00575123359952063,0.866805792521414
1.07929808481415,-0.451483594709085
-0.94056886082252,-0.374412732226534
-0.100867642289466,0.0459050583507126
1.43700517596409,1.99815227878434
0.512353066161866,1.33811021718011
1.64023825613694,2.78042981451881
1.20882042943256,1.85220178402461
-0.961888358340057,-1.5900064215783
0.55813565029763,0.139226613120485
-0.0365480334010963,-0.362546590962751
1.48531667276679,1.63082939675669
1.02241087449248,0.928665828166574
0.727722543846508,-0.447904863370838
1.44643448319304,1.55721453899997
0.657680849199298,0.782669033317648
1.71722026291885,0.0872555138370754
-0.169025147344722,-0.102152755125625
1.09658841672234,1.85993954364532
0.349316458735651,1.3461669304335
0.0258615243095448,0.602123940462943
0.917410764211381,1.37112078904036
-1.04022911752103,-0.897932026113104
0.742086631688157,1.34022443663433
-0.514088007110773,-0.913380575560694
0.576942673653176,-1.34189783112522
0.0371446159882147,-0.636204458360516
-0.227094842185221,1.38580076489372
-0.313409061779672,-0.0950839081678711
-1.73488805751768,-3.55310327936331
0.206978703818345,1.70576688412097
0.165833960239088,0.539053548484409
-1.66884208205062,-0.686037106269283
-0.145591029522785,0.878444266436544
1.46691609558231,2.18144915435
-0.374040767049385,-3.48359215491766
0.894493619192684,1.89847951242172
-1.96885179534723,-3.99171933136264
-1.10219129095894,-1.22522595739899
0.870248134005929,0.226818072616871
-0.863070786427179,-1.24030152219294
-1.44913141370894,1.59413493302132
1.32930810045947,1.40787172164883
0.130212325986108,-0.99809101364969
-0.21204886332725,-0.599948801277452
-1.2796671618894,-0.887687648136119
-1.27956680518669,-0.689139797999943
0.352455009947411,0.484583208946756
-0.223265378137281,-0.844964830732098
2.50898389605796,1.51734021822417
1.30437058744569,0.730676239692746
-1.16605208525005,-1.74803654690686
-0.678523416803594,-1.76091661679772
-0.0461782992619393,2.25826948095604
0.493425189221164,3.99646709492944
-0.387563093910087,1.58281543062341
0.0795445809601218,-0.641745364291885
1.43654496439306,1.01880046922075
-0.0134395938452922,0.646157788305012
-0.192072627579596,-0.799207947540282
-0.00128208249720115,-0.0662086423614098
-0.765316694987358,0.649781976784258
-1.14958094264932,-1.20659148632785
-0.0972263946105456,-1.72264167415174
-0.149551237725834,0.768091267320706
-1.66405308920536,-1.86976793940717
-0.933280316083515,-2.30896320248594
0.452699356491386,1.78664303193523
0.487624885378175,1.14121727587074
-2.37715318840494,-1.58733710133969
1.3635123146116,0.843368784425524
-1.30125197741033,-0.861408011075077
-0.21278816595097,0.830775340314872
0.688979639298348,0.0953842079680012
0.739531452172905,0.492422286761618
-0.718604146985678,0.0748176602341447
-1.96958623366304,-1.74984412665283
1.25284369105227,0.791874413354378
-1.06027866097427,-1.44499245761223
1.24039283808673,2.01680516501411
-0.556021565891988,-0.880289806315672
-0.175869942812193,0.533105933361802
-0.00572526442193719,0.59331133704626
0.434846642214677,1.32783984134507
2.24970344549029,1.25970819050423
-1.17346786754023,-2.03837691081892
-0.644152244438553,-0.645866386416881
1.24345297800971,1.65547613221752
-1.7833911146997,-3.56767816602123
0.52995249383796,1.3404288645926
-0.0879083396964549,0.329256511897567
-0.520207032495532,0.0476795903365117
0.404837938058673,0.138549943925359
-1.43690851597275,-0.228318279502016
-0.225255856887655,0.251660942442162
0.0469879289340408,2.09893465395463
-0.311219192416023,-0.693590464107463
1.12152528467823,1.18431088237539
1.74662091489391,2.14209453037856
0.842719091645428,2.46324069896943
-0.744629589559217,-0.0861581974068826
0.700119323857775,1.17489988763069
-0.94165335271275,0.315380814325308
-0.651447581746032,-1.07179780059115
-1.33188898139698,-1.60239435584659
0.152472902543071,1.62536267757727
1.56509466830433,1.26535859817645
-0.0161230927947486,0.851896872553743
-0.640462259896002,-0.34622993192954
0.291932447318192,0.0821031076714592
-0.451545839930466,-1.10658442655888
0.31479245247188,-0.962926397301859
0.524468841179318,0.163895315208824
0.698559161027077,0.720235649424564
0.322340401079778,2.40775299175264
0.0731497279684244,0.0357699083622333
0.0873350228216601,1.68515084138048
-0.799379961808032,-0.854940916505192
0.907021368526684,1.03938018805561
0.260354250659237,-0.243134798929667
1.5299936979847,1.06644428363159
-0.339405932307607,-0.130225822447176
1.56089330768864,3.22704093483088
-1.45887743087512,-3.41605101749631
0.578050264066403,1.05532050720817
0.852161526613556,-0.608897564897933
-0.043658980657775,-0.0912674181201985
0.205460052621444,0.700799364705614
-0.656358539679172,-0.405361868284963
1.23230171122698,0.922060914554996
-1.64087985077662,-2.21887379030785
-0.35308364583337,-0.466742056645712
2.0538883362744,2.00484086081087
-0.0429138645089987,0.403400914684578
0.157789446183194,-1.73705987755275
-0.425025739255877,-1.29083402408699
-1.09463610587238,-0.255813356520264
-0.690371063263075,-1.82983957247858
-0.755683969084553,-1.33676417491991
0.174998419202433,1.74121776213257
-0.608223336312675,-0.814034654697043
1.61513740146441,1.39390509489849
-0.89461718148216,-0.417331807020323
-0.16102051184815,-0.00723764776264213
-0.954582970728309,-1.27051801795538
-0.0513069832256535,0.800905815859867
-0.0227313231382971,0.261207289757402
-0.895684697231375,-0.390472669034561
-0.790046724515688,-0.747266193733018
1.18958997545535,2.36888997935128
-1.2008892725032,-3.51382335225525
-0.474913930106208,-0.800841247308784
-1.40066217205254,-2.22927046190535
0.366551385020517,-0.446970254074972
-0.425733391034374,0.644786548929302
1.5149854384963,2.54016334431885
0.353064803390219,0.588111789445702
0.176200631816537,2.67519679376029
1.81531079637851,4.22475777929391
0.406343916122531,-0.742332110981055
-0.181096699502701,-0.414038135813087
1.07339825347338,2.35167279190514
-0.267763069856026,0.0153550908012989
-0.246332941824858,0.591254646320988
-0.244807337519169,-0.0108946960331707
0.841567533740929,1.48790476038401
-0.113671283848784,0.70280549319385
0.372627308554476,0.966320012830457
-1.00284184003899,0.275684014950522
-0.37557055718805,-1.45095099107245
0.298968601110006,-0.561957092172853
-0.680176782153362,-0.781432177974499
0.70887052858912,0.166814122363479
1.02431786935907,0.225296115358772
1.17275448578758,1.83428050548721
0.421240752466557,0.530700016231052
-0.161957541419233,0.345783119674304
-1.00276518774679,-1.23797050393309
-2.42831111267677,-2.28307964031196
0.726852742641109,0.726344142581168
-0.261629187907215,0.370775657211328
-0.575047466673763,0.0828974071096544
0.464087808256022,0.496726952147497
0.71797004794126,0.823593987847165
-0.618889500440836,1.44354528783595
-0.111351667140563,0.153953549919224
-1.23635879540204,-1.62808248934092
-1.09418359406563,-1.18289078763077
-0.8979940033652,-1.65444167970858
-0.756786086510674,-0.177542617111167
1.50855384170188,0.793382341017564
-0.788758089189798,0.17866591192401
1.39218221656559,0.358819017449739
-0.440162131359972,0.307310534584261
0.680407206603023,-0.775511137956182
-0.351888215247406,1.07634434869239
0.861132534481731,1.24050172688048
0.897246579875902,1.6507959446557
-0.3682688047895,-1.40819792927008
-0.531511291304633,1.19620273309853
-0.507142840535949,-1.64056783701451
-0.900709734225396,-1.6305134302291
0.703877407099704,0.61604701129152
1.26321160925727,1.45474651491235
-1.12032719432978,-2.10811071277209
0.460063446965281,0.306089333801715
-0.733839758666861,-0.334781487061015
0.438744011864406,0.365608335297396
-0.872511882101081,-1.08872154851259
0.9364777784624,2.06851354582738
-0.126323524939516,-0.361218594542064
1.99598271149772,2.0969160766692
-2.66308175984807,-4.34150163021224
-0.688431696950863,-0.144000395302076
1.71736419577585,1.62797283984865
-0.243637932257877,1.89281268932293
-0.377998803944492,0.701313403146234
0.950857555247097,0.272351096687893
-0.912439021820871,-1.90610946664169
0.305480920912901,0.404013775131388
0.849856344393609,1.26530088700816
-1.1782825608183,-1.24461360657548
0.0824451432319472,-0.473885563342043
0.885390841051562,-1.09973021825975
0.304774079311032,2.19110428119361
1.96251646473898,1.60354199292005
0.156062915247335,-0.230624190996408
0.285777736570007,0.761054532695734
0.398320268192389,1.71908052132372
-0.742000184295827,-1.12325607587545
0.518205844721626,1.51363248076858
0.466289799202044,1.53270406148603
-0.517724447788224,-1.13604905499127
-0.722992998903826,-0.737271557981232
1.13804521606359,2.18763989839248
-0.604733395030725,-0.876090293588519
-0.762452891478414,-0.282223115894661
-1.11265546245035,-1.94337752869691
-0.729968311403746,-1.31554942864739
1.04603686247578,3.00345468755509
-0.628905393659101,1.25907493046054
0.628516137704171,-1.38568307270135
-1.15351716960074,-1.32453574626492
-0.460597922851198,0.114088576692292
-0.256890096917361,-0.348179460394735
-0.269718402253238,0.354960173480521
-0.776989259193685,-0.349207438179495
-0.458514876398416,-3.21817171214159
0.173214438416247,0.889908941470594
-0.172118645984272,0.634081006436005
-0.0123016041280723,0.728248873966006
-0.134716603467448,-1.26800137880242
0.81816173185599,1.75515136921833
0.333040447236499,0.330948302844188
-0.180546780538904,0.83259867980464
0.188377892092801,-1.5944643341183
-0.264479283199121,-0.0252735481144985
0.682090119856165,1.66217972215433
0.0464887781475083,0.0525198458964846
2.13573487475018,2.03342446345543
-0.682717251737498,-1.77799704061536
-1.08233004200124,-0.439844015714449
-0.278187586778615,-1.18879352440561
1.23249104454676,2.27319958411715
1.3578836470956,1.68584021153305
-0.909746968505827,1.00281769115598
-0.0721557503572741,0.473898953263095
3.83334285400415,4.31127149922173
0.161701306630665,-1.22794971349159
-0.196743383738379,-0.274557478091924
2.19300780305626,1.27539055794741
-1.4220758141854,-2.20095856009613
0.827218307981005,1.52261941010125
-0.329500782183084,-0.570438790004404
-1.17628663864399,-0.376171448689956
-0.34162232389668,0.793767866672031
0.567260086442776,-0.0444689788348779
-1.06450657020318,-1.56077991041954
0.304378242696116,-0.880710361232749
1.03948795568441,1.43734119361423
0.162263598332437,2.34415743735991
0.157307448410774,0.395434901437785
-2.17699509666685,-3.12799612073471
1.60660619724985,1.82381865766983
1.72680507835841,2.11010005859104
-0.476129471455068,0.630622495957605
-0.540516345985788,-0.11265742020855
-0.657366072344106,-0.526867414399607
1.03903292853988,2.08096322947237
-0.376062696749014,-0.566447303359188
-1.6816073152733,-1.48298177686706
-0.221065234115331,-0.156274485695023
-0.447196097992526,0.639859431727352
0.754717969266787,0.717645400853471
-0.884418313789192,-0.607745655232279
-0.39217138208643,-0.632099060593981
-0.333507258342449,1.12382566551645
0.741489286728286,0.0497864891285008
0.08353531109108,0.501952419400785
0.790561021654329,0.496816441570013
-0.155465156649729,0.0273644301846874
0.520791711135713,1.33756486806627
-0.576929885053168,0.0621074453203695
-0.18196168855205,-1.39854465763828
0.7380824062187,1.40853755384996
-0.103032374936638,-1.24711037328578
0.625665425090528,1.71100660455142
0.116676675866135,-1.2729105181488
-0.179208403037936,0.208919629772552
-0.590840534157187,-0.0480865894876984
-1.27224945439796,-0.957003414137639
1.1922196522708,-0.439625932948076
0.225153184199836,-1.01916769971542
0.362818475517334,-0.384051878708424
-0.228539059353552,-0.848760005357296
-0.310144532538009,0.0587946950829999
-2.00023044609275,-0.918132643910229
-0.18266963421166,0.573274191192221
0.474246834339211,0.196692619228406
-0.0168075341963484,-1.02995716097907
0.542311346329086,-0.542183074579146
0.71429058052978,0.818795754305074
-0.0590340609829566,0.705544957960598
1.41640413419281,2.13718476712347
0.284914373944137,0.746725764441899
0.699147543763635,0.0574067676754538
-0.323101393551091,0.386508047201414
-0.565701651297531,-0.112715282962789
-0.126173463338829,-0.000763718859007279
0.25812760857121,1.09441211422026
0.326004757311942,0.761397586270046
-1.049456167547,0.963478084135183
0.037174713018427,-1.76388543466587
-1.25881054271551,-1.40962274694893
-0.115969255383893,-0.965944060351981
1.25999055016044,1.28281906024044
-0.607991510122654,-1.00863968670841
2.69249218640204,2.10148833833526
-0.797564341115461,-0.506655555540663
-0.602380801393815,0.587201393369332
-1.91121987290334,-3.50371257731065
-1.55573580318196,-0.635533904838133
-0.123645838841064,-2.13345826523616
-0.231325616364183,0.768502529618551
0.257373414659233,-2.10777737198037
0.114786457714543,1.40417486768544
-0.0451098619938633,-1.46343705634248
0.0601221668914536,-1.06679690016075
0.78388608650162,-1.04606215575744
-0.0606110492626809,0.40489828824562
-0.881536711561578,-2.17767900697673
1.18246422222123,0.224966730305304
-1.10748253508221,-2.73612900020939
0.768074378825954,-0.191849103787984
0.117652330256649,-0.0380384644264654
1.39128763006474,0.654058486721549
1.69901435722873,1.78132885238624
1.12803138769941,1.91365344356616
-0.297097746393147,-0.196455533965463
0.0973845386114961,-0.888379025016603
1.38471372612676,1.31382886689707
0.517584509040291,-0.11078468007056
-2.32529375047927,-3.50198807449141
-0.548150770060448,-2.74018286005095
-0.76636070288783,-0.86074655614182
0.27170167292338,-0.765743005004518
-0.107460114873601,-0.0819574687288172
-1.92307613483436,-1.37270931685583
0.478761341564322,-0.139454016337502
-1.45884933048917,-2.10681999674385
0.711806557550518,-0.458932602974347
-0.638214896388589,-0.302212860979507
-0.581748240656386,-1.34404333382397
0.0853895928211456,-1.7183210995658
-0.897399507569318,0.385496891306631
-1.27493806789258,-0.721697322037197
-0.33830743061784,-0.330998758085797
0.554470484947116,-0.881641252580484
-1.29549702066617,-1.44752183324244
1.67429938706834,1.21311838129308
0.674603526920828,-0.53190431730845
-0.941186030747985,-0.523475531764212
1.79265591133544,1.43797292495432
0.944114842367937,1.87072290291152
-0.210892151905846,-0.151380453293521
-0.276775871117203,-0.387029884656796
1.45053978238954,3.28058557871065
-0.659182545876047,-0.166239773973647
-0.322271508387788,0.256101401294137
0.637857406113076,0.761907235597404
0.0458089216772434,-0.687312524524552
-0.108191581783093,1.48559851414436
-0.244949405514394,1.75385092694874
-1.48335069649325,-1.70698178433304
0.374125378530734,0.595992773510376
-0.610835238651524,0.20181400425685
-1.5093299961673,-1.37775579968368
0.192763353123404,-0.910795464075367
1.84932893128288,1.37843468732396
-0.192811850932562,-0.259107833762852
-0.188371630068511,-0.634927172567923
0.846301580631007,0.5968783795099
1.76794919344336,1.19462498533268
-0.0948520259861642,-0.273944313519337
0.39995091203742,0.761739367206428
1.75092302035773,2.21112719297001
0.944669605189873,1.13927350293493
-0.169262485276286,1.3030985860088
-0.133588524806296,0.347342454051047
-0.0487067186461592,1.96647242256035
0.100869739576099,0.163589801762727
0.458988512898958,2.02822116893898
0.578155394201939,2.13604739035494
0.247710088452961,-0.432971550031544
0.834804137632346,1.47933741087474
0.683762739641005,0.788962978414163
1.17767297507916,0.673006738368605
-0.642513880252142,-2.30255970236414
1.10799680959075,0.516661928908753
1.36685909541393,2.52274835547702
0.939505482504051,0.449451864572435
-0.70304589901934,-0.731755542594461
-2.06306162762356,-1.57088969730918
1.08788021246717,0.106992228413801
-0.237454314048599,-0.755341432429086
-0.548215928904343,-0.55662653477979
0.608961885474222,-0.101815139416654
0.379702315770338,-1.49955972845994
1.2777364018105,2.70964955127784
1.45184140327806,2.78792782152963
-0.284559121206651,-0.971893955726265
0.322946236036727,0.803034493221809
-0.0200273655334326,1.4290537785027
-0.859229960533031,0.0148054212455522
-1.76664004567315,-1.40643552440971
1.16432263885734,0.203680142870994
0.734888124549553,1.83540143552467
-1.07305224549463,-1.3838619222455
1.2340403313172,2.4089990289778
-1.04595620344588,0.666354162070007
1.83896809478289,3.08373274120867
1.11812241721937,-0.834866101410178
1.48638897881811,-0.842113805254716
1.31496592302686,1.47697718573907
0.299575071202427,0.221360275668515
0.864341507246946,1.02027168466461
0.977691267856475,0.295533191055951
1.36436074774339,1.83962220862965
-0.296866835370055,0.309170614618301
1.12159147265735,1.37815997988444
-0.896525821536386,-0.905490565183275
0.711254320884346,0.280837278754359
0.262891549258649,0.372229391410149
-0.142760491486474,-0.147699434356442
-0.561088186212487,-0.521853540075986
0.203990177327522,-0.402619594995312
1.62984253180362,1.50559462517369
0.656390028833282,0.254197587698697
1.66307069020737,0.784686415281268
-0.578617642687919,-2.37392627114339
-0.149928173181303,-0.234000207022963
-1.36714085343889,-0.149073562759331
-0.737106271454816,-0.684130564203862
0.677942291324335,1.66682493418832
1.49253047440969,-0.264255311737734
-1.52050090451333,-1.8827177523715
-0.778856966467737,-0.833455047992273
-1.21796201303917,-0.202617978059753
-0.393161908709923,-0.95878312500826
-0.0871930081793817,-0.584472615470096
1.02145549149573,0.465684431487484
-0.646132665110688,-1.95397026087226
0.697781775930645,-0.589920744938468
0.143699699087787,0.668887521171851
-0.709120287053007,-0.655023443110047
0.327773936180713,1.24148620577091
0.190599718374787,-1.29306555542894
1.75527730292261,2.04664171906399
0.227921616081659,0.531675957710303
0.985931636943297,0.739019094849421
-0.750876003680604,-1.81128483941612
-0.786362392926183,-0.162212754647176
-0.272714759905511,0.288609482693973
1.52138116043182,3.53504091093865
-0.0280164474475243,-0.0994126795761185
1.32384300048217,1.40744138030401
-0.218983997745945,0.814717389617458
1.92877474445355,1.28591376019219
-0.441499056603354,-0.881569048036369
-0.0999248167840827,-2.25594676370906
1.84093021292682,1.93855728701146
0.757210943501618,0.363094224942021
0.930022904387177,-0.277739935115471
-0.208582015855337,1.01101823696755
-1.41313289686462,-0.663870504386056
-1.05269738945376,0.443474023749881
-0.645191548669163,-0.210646502261075
-0.794543284953841,0.931510239818404
-0.882199216392872,-1.12184239854515
0.614657227910866,0.231606980931954
1.14139780612029,2.41754900412003
-2.07573269141863,-2.86208801710403
-2.15589647882267,-4.17497445591536
-0.68493690665019,-2.5337622157771
-1.57098891340226,-2.37515309636163
-0.388548720228207,0.560426045638523
-0.435106703276659,-0.330676718390721
-0.418433118040391,-0.148659693910809
1.76650255316629,0.392160553022353
1.5741701489969,1.99057460330249
-0.677481923637587,0.209070052718328
-0.883638695619854,0.13945306319955
-0.662343462406932,-1.33638441669068
0.432106735980252,-0.316032914582702
-1.07022774783929,-0.754650032740702
0.0605001401163123,0.105495678146237
0.217945573791274,-0.44523401369753
0.652328719946708,0.506405215342578
0.148592659041022,-0.2354942811014
-0.126590271149962,1.32418340757819
0.228058542008533,1.23265627922935
0.49083389909871,-2.30066683564515
-0.937914505509531,-0.996996010188922
-1.31893265789274,0.736736682904001
-1.33160554012319,-1.02392176029669
0.348607484800483,0.193776458332664
0.920373995740615,1.0612204889517
-0.579896950564997,0.378524610363142
-0.465942164230362,-0.313205968085605
-0.934904907485678,-1.19812087843739
0.228013845671914,0.481287634438465
-0.937952231236747,1.16579821474307
-0.69413055435193,0.648469343738002
2.96724490654355,4.31348829716099
-0.796845993164234,-0.523333980404701
0.667745841130158,-0.0272047458687039
-1.52861422272915,0.223219372033755
-0.677039821449082,0.532878930221032
-0.988861645544431,0.331703534585893
-0.27252535856089,-0.0819361582404737
1.1714162603875,1.81602233331652
-1.08709186467468,-1.61671116162518
0.793892532160719,-0.547352787863797
0.44971290177454,0.519906599367406
1.50056358963208,0.958463547771177
-0.116533605959632,1.4839429810115
-0.624468123817075,0.628330313702442
0.685958765831105,1.06808180049754
1.97105940950066,2.94462694297368
-1.48434190438464,-3.70064995355254
0.000785711833280652,-0.630899624312777
-0.013001422082656,-2.25696589787219
1.04449764769058,2.06293937191792
-1.23439865359469,-2.03122630813562
1.13029160253933,-0.352453618343481
-1.50599372219474,-0.739446793146189
1.32218012162369,1.3109800287376
1.83317867992473,1.30089138613042
1.38740790022008,0.446400565746764
0.14512022963977,1.11630399023428
1.01304948845737,0.205706184820665
-0.700276211602536,-0.369544360247607
0.398027766787503,1.34209289218181
-2.24948861660985,-2.19056990405173
0.282763448493359,0.296173834643403
-1.35963907129537,-1.58843984793491
1.58028775020373,0.880120508665325
-1.69665886357777,-0.94474482438679
1.21100092526056,-0.513411226729014
0.373535358711147,1.3565805450801
-0.640772193945671,0.189808165241128
0.997349819710428,1.00836864759812
0.880223903957765,1.97798611191206
-0.0631623522668286,-0.763285848947116
0.496364263367751,-1.00762986828095
-1.60678527660312,-1.91336877221802
-1.07575587125257,-1.53069525615823
-1.66329571574915,-0.151353187924784
0.131167926086441,0.364599037007393
-1.52697415483513,-0.905606390159775
1.37026396224888,2.37301574864513
0.422801717359716,-0.808559623576686
0.769268554704389,0.578159590692246
0.687898647578469,0.166844865514062
-2.8221417425277,-3.24218963671573
-0.606035763385138,-0.882631840198279
-0.021625835981125,-0.792389188556851
-0.741005139351683,-1.16868622552103
-0.629829216489271,-0.071496401145812
-0.390651372740166,-1.13764178883469
0.859872631654459,0.564447267053013
-0.223845446225672,-1.19854345523588
0.00378224840809312,0.851291956934734
-1.26800397913457,-1.37042843701932
-1.03332982779832,-2.16054780665315
1.31723295286185,1.26244734023345
-1.20026351160871,-1.43111845189793
0.843904398854335,0.822652780548522
-0.226085867585325,-0.353119043236771
-0.098729352859533,0.571016032595406
0.309979530814917,0.0931813458422778
-0.134803209713823,-0.858387991218947
0.664368627168516,2.77728982832697
0.506834269981716,1.67274496037494
-0.385757321747352,-0.433942057463817
-1.58928369520039,-2.64126503667499
1.07701924239377,-0.235992000340243
0.194030222900114,1.05477995310154
-0.647365621265902,-0.764045053225403
-1.00488213136983,-1.4639010129128
0.636003842930958,0.470387140983322
2.21425056200174,1.2791317313383
-1.4741857070881,-1.20149292179328
-1.61404491699626,-0.757960578317604
-0.130834048356287,-0.200472707283062
-1.36681307943154,-0.899232818367119
1.08955647366757,0.895162155656405
1.51379291530376,0.293071295308897
-0.238303650693894,-0.507637891489288
0.0366098576420976,0.0202388715999198
-0.214493409042539,-1.19436458648614
-0.100657896894836,0.162539701202887
0.121467881843098,-1.69721134854336
0.0566013599512113,0.480407875573649
-1.31842841344894,-0.221971070205467
-0.46439069614092,-3.01915882525777
-0.482646823135276,1.76163011025748
-1.36622858456457,-0.46042954314366
-0.0653793876712737,0.486849007283673
0.0779309392896623,1.17833346409556
-0.464965951923526,-0.684899706124388
1.22203083523359,2.48179676503041
0.231934879058287,0.0466392825789879
1.37761060323378,1.67685761789071
0.958622984644857,2.9704597988392
0.450504331094448,1.49754671412289
-1.26707777033454,-1.03506042748609
-0.0162733663962279,0.212654682417569
-1.66629411527208,0.0769394594515993
-1.44562600358059,-3.3843474073227
-1.90305767268035,-3.30744127049537
0.260014772945803,-0.185107773805735
1.43892929123347,1.30189194777051
-1.17715582684012,-1.58523104803754
-0.826548896096923,-0.862640086379922
2.42063425393501,2.36084684554984
0.547146607415494,1.53855833816458
-0.215202042247961,0.51227797342991
0.0108559126420411,0.481289054533166
1.36564300671065,1.50895249846974
1.74228352230599,1.94828884422508
-0.937925049658592,-1.245539859727
0.880916371984291,0.291216521741189
0.00577484009845033,-0.586718460716853
0.40515864031875,0.769565225734085
0.987373113705909,2.72969441731466
0.332777321951213,-1.28521602941971
0.580226492361544,1.02205167942601
0.754115064952323,0.589142298804017
-1.61912597407873,-0.505107029650144
-0.69395806389504,-0.0245703010959499
0.272272236554492,0.401521362516704
0.353262571899015,1.39563219720531
0.555739626884897,-0.464706568880867
-0.420310847012273,-0.663978318880458
0.291615486434351,2.72782418451873
1.30040032390212,2.12579202824029
0.417368674746625,1.12762759230374
-2.44359772354022,-1.15192636622336
0.408753116202503,1.05489640035035
0.306888033216992,0.224434236254962
-0.747088533991229,-0.589013452594688
-0.0409548780879508,-1.56837342834854
-0.696596272099163,0.756897940931622
0.297424181340701,-0.235946227172054
0.3601429079464,1.17482798866479
0.775842523199658,0.733768801717884
-0.690767860921212,0.0147204986172303
0.445365172226585,-1.03763095020514
-0.858504733922936,-1.57842790204648
0.26208578958823,0.877717032822
1.64200362309479,2.15690806978329
2.23134564137003,3.75707397170584
-1.19550376441589,-3.62902692761505
0.742621433609772,-0.379486395088572
-0.174545589509263,-1.94453657977426
0.125823387819873,-0.630417746163809
3.24090335327666,4.0621224570391
-0.638088154070585,0.0451245586337935
0.760120899019111,1.47226811634391
0.780342175974301,0.54765468407078
-1.62523181334589,-0.692093554965819
-0.600751154576648,-0.122499299645124
0.867162604981396,0.601735726463764
1.02596696987548,2.78043571272856
-1.31369127374913,-0.506963683521684
-0.534711265639387,-1.39286254576752
-1.41954480633496,-2.01294130068979
-0.0673891925980147,-0.43861602880011
0.0331902622096037,1.51653107468607
-1.3775919938709,-1.3442639191025
0.299716508939416,0.648603660846803
0.399097024502658,0.146880518257083
1.07148281219609,1.22615130437357
0.816149880535891,0.969372635803408
-1.09739564476195,-0.777374774093256
1.49736665095149,2.15889943800695
0.295698511749766,0.148895560070761
-0.898863816525579,-1.31217255109751
0.740091066125499,0.00251956785326768
0.799798393838489,-0.592467295739677
-0.14877950184517,-1.7636264492762
0.475665763623953,1.28410401686902
0.648806616386133,0.0850224576329481
0.398550671630581,0.991747588707621
0.809457190679373,1.12940839302729
-0.31176862562872,0.484621958518738
-0.216058873497914,-1.30777715555952
-2.46428813573412,-2.26304632157484
0.647249285289739,1.94308622554932
0.546595509335748,0.215979139262949
-0.456437817174917,0.775051613240162
1.23350917299209,1.18284849231101
-1.90191935129872,0.204088888315551
-0.304336130005652,-1.33243595740823
-0.301869976441095,-2.23472689557411
-0.335044864548354,-0.924123313010696
-0.156152405623275,0.649222496751901
0.0984165181107393,1.11142219761764
0.332942206091649,0.740466454307083
-0.312049126390372,0.419876508441338
0.191336064523496,0.667620755565455
-0.0895855661455808,-1.08678925283851
2.12806651943102,1.23783590833112
2.14366262359372,1.65012142247523
-0.238050627418699,-0.227756664911909
0.280442615868513,0.497666380232289
0.339352012064963,-0.268214812438679
-0.389010852719996,-1.08234538122624
1.49300111320646,3.71807653484187
1.21264197573846,0.534782454147072
-0.534839119676681,-1.62079339472718
0.123690681097367,0.594997404155425
-1.89757644186079,-1.94555749829657
0.482038075152757,-0.103799180531806
-0.967943770612736,-0.218345082182125
0.650300367862002,1.33466698032119
-0.924870012762349,-1.17733679745573
-0.469161130594968,0.273179099918207
-0.49291652979404,-0.177756568853038
-0.549764672600515,-0.478494911196032
0.150507486116933,0.236835522701761
0.625292756766393,0.495176215447987
0.773144881107855,1.93409061450793
0.377267692042782,1.23060137242865
0.04198514319049,3.22975724018643
-0.427200822759414,-0.38485453306349
0.676828535442711,1.59904562304478
-0.517183947296907,-1.52072578826378
-0.744335654097629,-1.5583548421895
1.87285755066363,1.28414079898874
1.49406766430668,1.63502723734899
0.720403174575044,1.13607050324187
-0.273682999358214,-0.994261900143501
-1.70389724873117,-3.0120697235426
-0.655779999802282,-0.55865848374316
-1.77827590408249,-0.296420136969027
0.870618110775084,1.75401258530999
0.909256514365821,2.29283030508703
0.0967540989721268,-0.539098817109147
-1.21049676174444,0.0981375195859742
-0.61376823097979,0.59816144720272
-0.61191800808858,0.839944340739765
-0.324057783677717,0.499844200601098
-0.201333362623483,-0.703546021773318
-0.644609690260934,-1.34285263530391
0.370172335236909,-1.19529960258446
-1.23162224006495,-0.880177530123309
0.682660716609932,-0.509581583770904
0.537622136315436,-0.736847869687013
0.727282225057753,0.232541154207117
0.0502551546256614,-0.308385865483672
0.583535861636991,1.4797263801628
0.48003406190246,-1.19534010865472
0.328364982873009,-2.17223929023886
1.82121048607168,2.04428535206904
-0.671276046270571,-0.998829196208816
1.48067765823335,1.14671769232504
0.376991449334552,0.620895650857371
0.421624743473391,0.372803305680873
0.0168202372920387,-0.943125007117867
1.96358913926802,1.36130341746849
-0.69992065896176,0.236654890890183
0.974043893898166,1.42004735253997
0.349513426674735,0.627210489719026
-0.281846362552394,0.0643703628861302
-0.0590694426989521,-0.662314860643036
-1.25268638069553,-2.05062256448389
-0.172521061442443,0.749643353667189
1.14978101440345,2.11274282225828
-0.349932472498291,0.387673761267735
0.233955092117247,0.524426958151605
0.0161722740088953,-0.181714601439134
-0.0666532268459078,1.54038612323212
0.992124164272278,1.42070545741982
0.786621225321373,0.908902306661167
-1.99795939692532,-1.17658347395199
-0.554505004621939,-0.310792166720171
-0.127156032054084,-1.24824384779526
-0.995427686758317,-2.2206831386997
0.23934557090765,0.885014610645072
0.917464925203523,1.07856284705194
-0.494673717664562,-0.903554926488463
-1.26524569502949,-0.655965910201655
-0.783125850178065,1.08189622152362
1.52023175012153,4.25703391246675
0.161505393004221,1.24925961042018
-0.55237789666348,-0.211162486950718
0.0728695502959816,0.873356490195914
-0.223517123401568,-0.432579837759261
-0.112808291572466,-0.765683279891659
1.28018282045777,0.0116374333868932
0.999028495391801,0.87884545937313
0.466388527920977,1.1299683333492
0.985186476176886,0.699719648804933
-0.28227009442035,-0.339735313887452
0.731904637342681,0.184026044517847
0.146953428139992,-1.07577670606394
-0.434785044628726,0.694492657143548
0.283620728755356,0.663024202742855
-0.504933342582969,0.922224154240394
0.858356116044548,0.12805455196923
0.452705248670167,2.0924524445656
0.538784594759138,0.481753848875991
1.07429072750616,0.957467252427296
-1.49941730193587,-1.69377600270374
-1.82688910383455,-1.3656062244066
0.0181916698167836,-0.0977648674716563
-1.76626530803479,-1.66015765117436
-0.451122475951784,-0.543121779361508
1.47750180089812,1.03444167385323
-0.73377078081666,0.613272347979411
0.205328576255653,0.134239858842337
-0.299672435690757,-1.27041632424227
1.25989562929494,3.31440984982518
1.00270537408664,1.87986426644057
0.614541861818819,3.05419536649627
-2.26712005099411,-3.85540105066812
-0.269583837968192,0.548728731252338
1.19457837354578,0.927364570436448
0.366966353387671,-0.0819645758190441
-1.36259502304196,-2.60716066556652
-0.825178374609186,-1.38095157947416
-0.621798094670831,0.488051957150889
-1.67767501729583,-0.647918211346542
-0.422954276977276,-0.963522783473433
0.645118477596454,1.2145233717009
0.86675338088506,-0.209717486909227
1.38270379665861,0.990054539964671
1.11061480379467,0.664582926963476
-0.110751789439934,0.345661978643066
0.912243952373323,0.907996411595835
1.44788389901796,2.4432459494187
0.681423206230686,0.776437293373145
-0.652129756924306,-0.581977183153638
0.293846999019562,0.551149913807706
-1.4027917331783,-0.908200234210461
-1.72025822675607,-1.48300215276642
-1.07484908424675,-2.78929104528837
0.20746987431985,-0.212510782074511
0.341949675301054,0.826882605335104
-0.562546672496285,-1.22418532076707
-1.12823559660872,-1.01114966301243
0.0384962744238658,0.973718658515069
-0.0165859229346063,-0.0521976115079931
0.191730969470938,1.1799492931606
0.121504460912485,-0.279380326287296
-1.49446330372939,-2.0368411706042
2.00131584978657,1.85589629686876
0.629277798687483,2.95204773379141
-3.12563445240558,-3.34340526575614
-1.00711229941266,-0.125672207798631
1.29528920330456,1.81642521782712
0.745591547288934,0.42745731631594
-0.388933618261577,-1.61615901738816
0.0402332315883415,0.49804265246012
-0.225732087218138,0.928901426972137
-1.46557906663372,-0.938493980506858
-0.177889025915198,-1.66085739391782
0.221143423207615,0.903128855052506
-1.16563291187032,0.2322213268792
0.360332867625904,0.467277531153035
-0.628115367475462,-0.783223187478798
-0.906120515375464,-3.3217952922595
1.08920206809348,-0.34845115369645
1.02239769014246,0.756781108035753
1.34773617378115,0.45870146379189
-2.36812752871574,-4.26923694332461
-0.390438165210067,0.397872047714225
-0.578842350973098,-1.3463825721969
0.957449259840974,1.84159757403813
2.21213716971589,3.43881948926008
-1.1449810593372,-1.65266522153846
0.0608487700698122,0.547314083359634
0.0768683298548905,-0.587555149231162
0.692661437487193,-0.601231484744265
0.891608084328868,0.973442741844769
-0.182083026017901,0.183186618051861
0.298360686680356,0.883565605588116
-1.85872622338488,-0.687829829652151
0.11204441894953,0.928599101846139
0.0258856365513659,-0.265190805948819
0.117993908613987,-0.653334730717051
-0.661675594279742,-0.987604219850023
-0.489837390187853,0.00349064626773582
-0.767724102805287,0.142828370699507
0.469421481841069,-0.891718313116892
-0.886475512619715,-0.36279972300324
0.0220717942354234,-2.5172396013388
0.739171991357416,0.0175247059723336
-0.525358812901244,-1.21117729275802
0.314675694151091,0.219650254482847
-1.08859420690182,0.722413247597907
-0.0604767719671299,-0.268920870642248
1.11365878773041,1.29102519645049
0.25468215731766,0.275452156676684
-0.565491585504347,-0.170652953281833
0.792724673968339,1.17877241485153
-1.68737125519872,-2.82459122674005
1.58382332756287,-0.0228233649736107
0.564057896376382,-0.625572118406492
-0.413379860063411,-0.702659391298567
0.755691566681065,-1.01060166712443
-0.346716970485954,0.492003245427087
-0.715470868286894,-0.438074357615145
0.463790826100111,-0.94867998443245
-0.127031486160329,0.0309518767765098
1.53332869508924,2.5124165362758
-1.21539149098208,-1.23956485263182
-0.426802667534242,-0.488804219410469
-0.193577419417609,1.16580866949843
-0.597188159293037,-0.234774800921315
-1.48847178087087,-2.01460015089191
-1.12788715281346,-1.54265991808713
0.57642494082913,-0.825586722305627
-0.741929421423927,0.35216282665437
1.12145434130774,1.82611233459563
0.433659940796964,-1.33890468884723
0.627930765892744,0.0309333870059173
-0.684240660392624,-0.0865594452187326
0.857381193636972,-1.44984738673147
0.0812127914467137,-0.328908004171614
0.467647210347882,0.502921664897464
-0.493423427246174,-0.160942648029031
-0.118565490000026,-1.66952747211197
1.39609145404682,0.623064657459627
-0.74390713577273,-1.57120533985584
-0.618957309973044,-3.1383090895298
0.537119025777089,0.665444309852641
-1.31369626769678,-1.71596809019258
-0.791827443161761,0.0121822750376145
-0.217582843518916,0.176802812153338
-0.054140967497124,0.650828603833673
-1.53051905101001,-0.976849902904245
-0.941279282646359,-0.992470739877727
0.843973765603573,2.20022998365329
0.377725706875082,1.09572304230885
1.30107380629238,0.724746681120132
1.21510303402389,1.33093357000424
0.320593494270703,0.118625142980655
1.81814468901114,2.27321633448683
-2.12356454788714,-3.43971552131528
0.516943621894269,0.119985247606165
-2.37213121801282,-3.11180162703343
-0.100996429417587,1.21525053640116
-0.358439980837569,-2.84607113025888
-0.289296833149143,-0.362160983436415
-0.39263186267501,-0.534180604990397
0.748230880874812,0.524244016639365
-0.809682335943103,1.30199183920621
0.976018140581791,1.80410476327346
1.07801140537126,0.872244422812356
0.244550916536539,2.28231432992361
-1.05257808684578,-0.0864366103997077
-0.25302971383844,-0.557394031538103
1.64685639403143,0.955424855632564
-0.927831700870836,0.891878356553723
0.105042390093515,0.219699464394429
1.11520289571783,0.13603533393674
0.00346601939092872,1.0857143661726
0.506911178989553,0.944960375949754
-0.00220374601260716,-0.238100085560427
-0.311671527349933,0.944152119493996
0.255236372378144,0.239513990926022
1.09208159956653,-0.333992609130453
-0.18372867493511,0.0980090812680086
0.335884281649843,1.31387485805764
-0.0231473008643492,1.69044130894026
0.393085065685331,1.74539196601858
-0.28158962202928,-0.520965688232658
0.611482901697242,3.45900404530943
0.191436442519511,-0.657470111443915
-0.651383594677691,-1.21932395767545
-0.724065929773312,-0.517362865989416
-0.768377197514258,-0.0865362082773018
-1.2556251427803,-0.37643468542133
0.751051178745829,1.83393963161854
0.599456171260765,0.267329814203158
1.10938254533144,2.36038266370135
-0.560849991410783,0.792125291959846
0.458129804729208,-0.101409295152686
1.485774622387,3.16811754124023
-1.05285173241122,-0.370988556324082
2.04187166904047,3.20461041588062
-1.05600800967686,-1.6283469749738
-1.36512509548556,-0.177718978943222
0.550966544118718,0.0310540072577111
-1.32351528496062,-1.14432152870054
0.616417090246855,-0.311601976759055
1.0157390809872,2.37587830468725
1.6292685705536,2.598363216826
-1.42392113736428,-2.95162233974992
-1.20173450640374,-1.41731746052051
1.53103761318087,2.1187094898387
-0.746827108767494,0.58924725326026
1.500354092604,0.152858400898819
0.851868097443515,1.93423580440011
0.516129946728712,1.62958536042564
0.426634799461438,-0.141316155801113
-1.07021151107271,-1.64192986347857
-0.735221726747629,-1.5456807221165
1.86573625857561,1.99642617548996
-0.359006551911576,-2.10201787610856
0.0872744331916047,1.1470720611909
0.490221490769561,1.90739613085819
0.687913007458027,0.900315030706269
-0.756175656877793,-0.162423813991716
-0.765552612793539,0.306789158864504
-0.321515767454608,0.708558575862813
0.271843032192939,-1.27166182944676
-1.62842680673546,-0.557774264428605
0.330094615035328,-0.155198753946254
0.787232480545015,0.689948883361599
0.661883136036322,-0.927274820466911
-1.73797634665172,-2.01832863828785
-1.10985486049858,-1.28729275888676
-1.4554730935634,-1.67042031139132
-0.52355157046856,-0.9926649971437
-0.0785760273680439,-0.485176670867527
-1.06167893999367,-1.35482749298551
-0.697486948105045,-2.09739255589387
-0.410048400737487,-0.463146726048293
-0.110686459540324,-2.00063737179613
-0.377515546011047,-1.65468930589799
0.0851356969471088,-0.0500072578542115
1.36223394377399,1.76817321234693
-0.882192703246914,-0.527776573098004
-0.211956341136053,-1.35997701829142
-0.341532211825932,-1.39007096589929
0.249244196291235,-0.648415439282716
-1.10864958361571,-0.759867403730601
0.151587706943745,2.51613461437305
-0.0941387973606784,-0.7633044436158
-0.485768327850212,-1.79390516636141
-1.20131730905974,-1.75937136498149
1.14212902327194,2.80394622398439
0.244559957951763,-0.318206444349525
-0.607015029115222,-0.666211368376001
-1.26681034480522,-1.2819655038083
-0.372807868306881,0.805984046967558
0.949619045931814,0.933968053811862
-0.694576117835156,-2.02023660238756
-0.451270922567207,0.799596230144928
-0.05916436673795,-0.833604499563562
-0.977683034902935,-1.94194453695116
0.723493491055284,1.592171446168
-1.46079364889098,-2.38837599154508
-1.9195864029761,-0.970358804129036
1.33167000334903,0.571903887874057
-0.549902470195196,-0.526361845151777
0.606296152489203,1.01736639354558
-1.26402413638115,-1.25082082170053
0.421950944787263,0.575509593331994
0.280692712640362,-0.683351291221315
1.55984417312664,2.57476423287351
-0.473373276368876,-0.469736660052342
-0.670857727869924,-0.512108732202684
0.287525951349767,-1.06640649471368
3.39642832299377,4.36486734176482
0.479626806607783,1.74173535692189
-0.250098847222822,1.46898429444354
0.541392569567121,0.134439895869637
0.630949135713186,0.796179584388781
-0.186956611006852,-0.0386315196955939
0.312259792414232,1.00158320462738
0.548038754780803,2.48328153159689
-0.72475874428739,-0.162444266019126
2.0243309594205,1.47732291082277
0.252726447881288,-0.342009896205069
-0.102938948993233,-1.06319556040278
1.87003526814001,3.17839251433006
0.221708202598082,1.15968309833801
0.403801368817167,0.334318054917501
0.484214456781512,0.774376380924836
-0.919953206068714,0.51147284970032
-1.82059883686645,-1.75076207857825
2.5754675218831,1.10245994528979
1.61162486113196,1.55224521979103
-0.360403235973153,-1.32659073888247
-0.672167230857808,0.00566259257680568
1.98078961935661,2.2060146188472
-0.239013896550642,0.325680224393157
-0.269836720545249,-0.960862722240071
-0.98637040611858,0.435983083353155
-1.76749741280894,-1.32874666933637
-1.57064522426105,-0.220922419113278
-0.880264462614554,-0.899972438719054
-2.49208031968773,-2.4113122451821
0.0339362652699507,-0.91102329393586
-0.475247171999681,-1.78173452980239
1.18157636877031,0.898690912474709
-0.596154053798404,-1.15027996528186
0.378917166276795,1.51850571926809
0.404356263059445,1.61752130852038
-1.39119055605654,0.711403964222039
2.7502824888332,1.88576357718778
-0.562390283551273,1.13226705051262
-0.0994218402496366,-0.0222048180526507
-0.479600950802931,-0.384695891797224
-0.851279344304016,0.0467446589259715
-0.498061187682132,0.197460172104696
0.532677706336091,-1.57397519692173
0.248033185636088,-1.21002806440953
-0.0800216471213008,0.70460007253278
1.03227110196177,1.63501080953887
-0.904777538531379,-0.31229312882244
-1.69909432650779,-1.8138999874147
1.90521639108634,0.7515647818442
-0.0519371168263603,0.528036605866322
0.146757281451773,0.358770606007223
-0.0118756311178371,-0.169231267658488
1.16601053389086,-0.602802460714874
-1.99539392994342,-0.455413703235286
-0.0691412721574436,-2.32699755553049
-0.226515750494488,-0.80431884241884
-0.303640125213977,-0.13944836029892
0.0739153591385661,-0.666078367772856
1.95807366982377,0.831156974683976
0.908985692577242,0.219256996599489
0.0683935444243626,0.345575157948925
0.526452340349124,0.834297698634568
-0.700797531896229,-1.55915328780985
0.670290269206473,-0.720971667860273
-0.0731763240306948,2.10618134204819
-1.09807875176276,-0.233232325776846
-0.332442507435107,-1.69233874508932
-0.422881159821887,-2.78421579005781
0.94499282652377,1.6036010009628
-1.43654826404147,-0.435834939167407
-0.700003802236267,-0.553203114201712
0.758970866448909,0.106686824413552
-0.0117267131959536,-0.280761289922176
-0.642586435566457,-2.27524096325989
0.7499988890163,1.0375818843684
-0.601343839615901,-1.70152578298427
-0.420300155862549,-0.157758482248174
0.448541590951063,-0.319328293234512
-1.77639903724526,-1.49169401411189
-1.00892435928768,0.42231729426411
2.11073793891578,2.17252540182091
1.48919267126221,0.897495380164285
-1.95745788826459,-1.18280194554375
0.0156836109792892,0.45476730853653
-1.13825980898411,-0.556409796937951
0.7642173605852,0.270600662281753
-0.808814581328457,0.427853393462061
-1.43089091347371,-0.36328345602905
-1.43501628110849,-3.65761927089726
1.39596851493001,0.704120029839673
-0.442973730726659,0.150181301108241
0.815302272769856,-0.239438776118434
1.3111916359876,1.8037363518857
-0.310989049371333,-1.22143532277647
-0.896287930997077,-1.0772820118005
0.81308793850934,0.649917189271954
1.38719830611605,0.780796788785986
-0.748265856867098,-1.19209454107823
0.404057397809394,0.0522740655385074
-1.28389603383416,-1.64344088477257
1.03762295098858,1.92539680516097
0.619177679609493,0.202820494136758
-0.58396278297784,-0.232244760823044
0.215310332153802,2.6763228177879
0.491767646426831,0.345264559124266
0.210019871200629,0.241884904726631
2.29799296913831,1.37842084302574
-2.02178685534658,-2.35135644085897
-0.0167443361160275,0.40738278317661
-1.16591406371174,-0.250284674079883
-1.83239287560862,-1.93739592874605
-0.780666285108988,-0.215069831086624
-0.700269370455527,-1.95673496045845
-1.73158788773832,0.536570202595511
1.2840047897126,2.09485616962211
0.590723456943418,0.623412975261161
0.191763211996988,0.20149327794116
-0.824871030591066,-3.35111947970826
-1.36296309580851,-2.54573908194388
1.31099328013022,0.97031889652029
-0.0935014965856187,-1.70860176999296
0.376027270504481,2.11691260106117
0.939391779721509,1.59760518594155
0.296739503738297,-1.10426637029269
-0.753702901716664,-1.46911291777173
-0.14510562499956,-0.370095146012408
-0.191032016016099,-0.121336405160459
-2.49815103534141,-2.50976900811895
-0.357079265465256,-1.20907288694128
2.45533020865707,3.97667457213001
1.42677221135732,1.17349544506337
0.112206830174784,0.864337748024175
1.08255555857846,2.75589263144115
0.6163482267698,0.202747283616675
0.896961843898457,0.935975116735855
0.312082426457956,-0.255464152661919
0.571420705809249,0.148107688787002
-0.386524639797131,-0.837654197711672
0.395172440357924,-0.232077900158516
-1.52857536918815,-1.37698370232477
-0.775410555422724,-0.266573841660262
0.948666144161472,1.44968471152797
0.142404711409744,0.424854223956248
-0.322704339060302,-1.19314512837216
-0.448937826305568,0.31835409708059
0.270488789462323,1.28739981966511
0.174137205296188,1.10967915836625
1.12607167539386,0.733053187653491
-1.22156893871313,-1.70489045937749
-1.20401443363846,-1.33173030614076
0.0675805262211305,0.0610703527995342
-1.11348292164828,-0.848686193238274
1.49115728671455,1.1418176028102
0.649349107663825,1.77243617777736
-0.0426841129862823,-0.237134221659582
0.721137909568902,0.561525774096397
-1.1373594367658,-0.884020857933249
0.249243540293885,-0.0329548520773647
0.181505492590802,0.374256591804616
0.980044610081313,-1.05583541356212
-0.52102959314925,0.0327148286962203
-0.71452769720722,-1.73791219176328
1.24947825741423,-0.0600021673110891
1.08656254532819,2.50714295277221
2.31806497318089,2.30911538746804
-0.314551131139633,-1.64703358897213
1.08067184887168,1.2998382488202
-0.744659582867304,-1.54503732243093
0.19148777177857,1.57653644061637
0.240477300183176,-1.12987606996419
0.212422926326754,-0.101692041220626
0.067839404698309,0.166846353024082
0.870185095145316,1.69947317159901
-1.58316928949798,-1.51081571066071
1.25795569489355,-0.181732043586343
0.406056060835553,0.757272923789656
-0.532724352326489,-0.988818397083721
0.611998955373411,1.3371326048441
1.12957979034115,2.28887605914765
-0.196051708678078,0.34588662599717
-0.0190076009288777,-0.109928384464786
-1.54478377469038,0.147080958460276
0.829033518200465,0.746175313524486
0.450518779333022,1.34930372879689
0.323191258453482,0.0190513136914555
1.27898968426693,1.78146696720495
-0.0584571420704169,-0.559006563366143
-0.00879392549070999,0.914547128731218
-0.257340025890524,-1.14945762294177
-0.830462838435307,-0.842296756416253
1.1054586797111,1.36773465396093
-0.146512698049299,0.183835542848043
0.39250644652164,-0.128633315825969
-0.473450705609725,-1.24376088028259
-0.622691813128068,-1.401853227172
0.979333035124317,1.32095248713984
0.849626555482301,0.77462226084734
1.64175083266915,1.50848445897247
-1.65694774844382,-0.733484270056352
0.421530502019321,0.134680530363281
-0.732135670052809,-1.59358466401097
1.86087503056808,2.74324343913545
-1.65503926089271,-1.10920016021608
-0.189544420295887,1.0884251660813
0.515571953700458,0.734226897475046
0.573591592370426,0.916111615978346
0.618582626233239,1.78426165562722
-0.296468713278419,0.258384009433392
0.862986478847367,1.84402228624085
-0.726663813505133,-0.716713193746677
1.13335253444659,1.76082940799154
-0.331211015635005,0.357007724276891
-0.543803475287124,0.0330625628045514
-1.14158032825572,-1.96022207431758
-0.242722347187485,-1.21350307585224
-0.258768196738804,0.920491891620416
-2.0760642638896,-3.26858067898044
0.541281245432202,1.04434595020348
-0.904339001016519,-2.18995686086187
0.218454349530684,2.46041542489507
-0.858027118356517,-1.35472157662984
0.282208602025211,0.357752869901098
0.516672955085416,1.30366643085191
0.593231362373376,0.88903805965097
1.78567893663217,0.289224237606699
-1.2054306901096,-2.44260742717229
-0.598428465044413,-1.43421557834325
2.34224774922476,2.80531086746897
-0.437211260479963,0.419820407241385
2.15935625089604,1.90718539757817
-0.371583335760286,1.56562527682264
1.18610528296513,0.316010017679004
1.16271226894331,1.26448158762973
-2.48777596060218,-1.5939091523116
-1.55884755758658,-1.47475017509361
0.509304482397188,0.801791103763853
-0.201450907346183,-1.91741154583918
-0.918437586638154,-1.69427376992372
-0.363862329233958,0.949897312199854
-0.0101347704271278,0.405578398693213
-1.40292009692955,-2.08854514736883
-0.112693481119201,-2.53442145912381
1.78696460737166,2.75808660432619
1.63553266473454,2.04759251585776
0.828537446208217,0.3878687501683
-0.361289076252542,-0.721904907758392
-0.567279805253025,-1.2845616446809
0.723580326192443,1.23787271681606
1.25941113777964,1.17840353435883
-1.21678292413342,-0.364096503438362
-1.11201121982064,-0.470471917946532
-1.82256031289259,-2.43315906455922
0.282352236126735,-1.5826230166265
-2.73532400357072,-2.58159717511279
0.160370955879539,1.16060766974513
1.57978728421313,2.42494223908943
0.812962467443307,1.05064107442907
0.298598614296438,-0.0365007976585593
-0.00516338101840854,0.472535586795811
0.129391181713598,0.527586724333174
0.732973312985854,0.263221068436445
-0.361344071310787,-0.110907199208475
1.43068232189864,1.35578317569138
0.155279741918137,0.119687996747847
-1.76645642285506,-1.1727023168857
0.204299593039723,-1.12008238333356
0.60487164462969,-0.934834653364935
0.438811473986636,1.94162541162121
-0.352401937570839,-2.13631270329888
0.383306462606713,-0.835252018811261
0.919114139839772,1.61871903139942
-0.782955327793764,-1.08359509026827
-0.432916268994081,-0.548022779272619
-0.874224843293401,-0.117333304298811
0.385421215962262,0.578279186429895
-1.26840516462591,-2.18294908194309
-1.21777934862926,-3.09030105826929
0.739993092870284,0.579900776224668
0.0777117444615221,1.58353689541031
-0.519566026869854,-0.161632924830612
-0.915872304867345,-0.899919942544547
-0.117851895263468,0.333966801990125
-0.120287592053881,-2.08166734384569
1.33333847703179,1.69683044765448
-0.990133789799404,-2.55120149560068
-1.11253803351745,-0.191366554848451
0.135973405911871,3.19130612560291
0.649193273293329,-0.452855228236897
-1.0504220281793,-1.0118879611766
0.722413919273822,0.746530173957331
1.84690088615899,2.62812586640847
0.535792689246522,0.659682119998454
0.800084130977496,0.764987267904942
-0.234784985966923,1.6253605504246
-1.85871751664031,-2.98158653146234
-0.991345731653643,1.0135952660439
-1.30095201905942,-2.94131969572035
-0.185344773301394,-1.031785272288
-0.245839049412887,-2.06545208370026
0.495416573471521,1.37971346960092
0.745249305868121,-0.649496858042273
0.0570191281630894,-0.773408545801691
-1.0628285083657,-2.66561115239713
0.599188439224812,0.545639043884208
-0.00302523630670862,-0.0998563088056628
1.05198547503365,0.539725603025521
0.498554064723145,0.540828837904238
0.92131281147999,1.57711914016748
0.142038380829793,0.175428415522947
0.718962414552148,1.41548047641459
-0.984283964624515,-1.67154989806251
0.0687692951443251,-0.849647809766174
0.944221652080888,-1.39643777119626
-0.773427752359442,0.701226499336273
0.416405963123615,-0.132531152243267
0.520734596483363,0.538656397427383
1.44723273898281,1.58424528000339
-0.206068657225171,1.08379427675839
-0.286248632667376,0.31333367642481
0.489260383063108,-0.584901316263604
0.294514390089296,1.41052822103151
0.695835055393262,1.52895240502257
0.685015776091177,1.64325437309451
-0.10574616573234,-2.03718982413603
0.975154161378693,1.49652098692224
-1.2700889109126,-3.27740917712254
-0.09114271380667,-0.535173901525027
-1.1064406462561,0.048092027791067
-0.707718151850274,1.12316143633358
2.11377467317399,2.20386835111736
-0.76170248552102,-0.602717556457547
0.301878550387712,2.35434040396051
-0.369945047136914,-1.54770070949562
0.123459653304344,0.848789292581798
0.269596336308607,-1.11869390496687
1.8290272878968,2.56146463872991
0.421491454722551,-0.309663906550771
0.934156974148199,0.174615383873875
-0.498610019667527,-0.953991385045138
0.635393848091204,0.816819438548281
0.0118073636040404,-0.317857993506804
-0.865196492648778,-2.65171076655098
0.740024849662499,0.244296449591023
0.719800567084826,1.83160027880086
-1.09886804896316,-0.924073819947939
1.12822623675683,2.56187324145108
0.835719358020727,0.393865044139209
1.20821451291689,-1.61954008407539
0.189299024271821,-0.81767431675846
-1.5039950175832,-2.11490479357007
-0.00761649621854082,0.457504427844429
-0.939633809498769,-1.48240038153057
-1.45630282773778,-1.70975788079735
0.972989478848839,0.628415088041624
0.372250292856749,-0.629665834015896
-0.494402078212594,0.193429010739628
0.697764590708298,0.77460553623101
0.456156365400906,-0.0625702702133673
-1.28003787138159,-0.361912052100415
-0.143653606318375,0.710061907806333
0.146701170514378,-0.442024367557651
0.011520662626318,-0.657016846711448
-1.60212156642368,-4.60409033434693
-0.719066615142582,-0.488644964503776
0.583372490240853,0.454519326466269
0.0826900156700226,0.0447918946074616
1.10192364390066,1.23542425082062
0.35435360547629,1.35598304182881
-0.677149860775168,0.0287443746516783
0.909470538653231,1.26556939992448
0.871845738437445,2.73134887146574
-1.72519201004315,-1.92952541495932
-0.215730994550565,1.62599734663417
-1.85330135147526,-0.295101155915443
0.170806042922025,-0.56391217891151
1.03840077518111,0.95292402348582
-1.62208989372802,-1.49112254958612
0.248575924367004,0.610814523810877
1.04435438835022,0.859830204847848
-0.451312247657742,-1.37844677394808
-0.366442048434902,2.38652741899438
-1.48212432310202,-1.06086689973873
0.016287075706498,1.07512972712506
-0.609796285568161,-0.923712062661208
-0.733364143183577,-0.293725973447374
0.713485623474446,0.880339337303838
1.41825726667216,3.72451379883825
0.006661820158736,-0.328006233580448
0.544514593175896,-0.893404235975082
0.920351653504872,1.38950664770233
-7.22874679625256e-05,-1.67504846894636
-0.664467932521986,-1.46134576739298
1.52307177096295,2.62013962531679
-2.1107799751008,-0.653626205078565
-0.443479314467709,0.49815277182068
1.47525268728756,2.23470876194101
-1.1566029645362,-0.52003819703284
1.35233902201322,2.5916610716981
-1.75866235923385,0.569459979719029
1.42034906556053,1.61348725469994
-0.379671530279747,-0.467974304077537
0.000900305346933316,1.07513266086572
0.791787380823599,1.320174229609
1.07979441768017,-1.08800345855319
0.50168862169039,1.42758908681365
-0.642794396364831,-0.303495233162579
-1.62194487294779,-1.28337437136432
2.46935146076371,2.70669808001601
0.968939269795448,0.817798860785337
2.19327228711873,1.2573291422278
-0.0585722710078519,0.0675114092808401
-0.96937367987286,-1.01731972343596
-0.28947751925623,-1.77671635648961
-0.887778075337721,-1.24171609777358
-1.46465830884008,-2.43744104126471
1.28083358877703,2.24071858012642
0.0859286496057391,1.07790029588838
-0.480132438836778,-0.968201562942723
-0.663931771064216,-1.82915443387532
-1.053821048936,0.0172615252582853
-0.992855706614403,-1.02427110956471
-0.941982767702045,0.93002207643542
-0.0322137943767826,-0.83924927992339
0.669801457834156,-0.490768375797988
0.107187987618006,0.417286314400843
0.865783055099728,1.80666558045058
0.96920034012787,0.902478520886309
-0.0925426801669891,-0.320065059769214
0.386118485956902,-0.913405513534833
-0.872798082624589,-0.143292981669932
-1.08333389756064,-2.935523338094
0.968696489266709,0.568648615390159
-0.25736451492064,0.332991461273049
0.127533819039952,-0.0278987116179733
0.447576548358036,2.19286196557916
1.42229941162211,1.46287146089856
1.67028989631356,3.41627482462706
-0.877541876930691,0.402653372497032
-0.793139631189973,-0.840290165470959
-0.42430209952743,0.142329410518431
2.24196884822481,0.00655485264606792
-0.539505992423862,-0.6152365777664
-0.105746645265197,-2.00255450793942
0.524868262147729,2.83047577052321
0.617802095454479,1.27243911727827
0.435008048565772,-2.04703679220039
0.380316362713106,1.29751530938746
0.747718942704948,1.84746425877754
-0.77795430624246,-1.37285340995317
-1.68400597192124,0.64000327924768
0.59954348365994,1.34599000867086
0.0412743936165428,-0.794306316418415
-0.316000157031625,0.46598068123414
0.495484770498429,-0.315794886870818
1.01842333112789,1.30067971339123
0.301218458938946,0.458190035070025
-1.18925761595782,0.186877188789203
0.364404464413453,1.29822618096833
-1.45580827573726,-1.64082948879822
0.941855806883296,0.868381567714895
-0.772201184594147,-0.347717129399793
-2.29656883489981,-2.37342298959234
-0.20897091101413,0.798293469481153
-1.27254613067645,-2.46873205758124
0.292312636391145,-0.796551695128316
-0.238469553215731,0.095724232961684
-0.406123509411479,0.663148724317744
0.578407176738351,0.898380878491441
0.543278175611155,0.744112121287618
0.715799616646805,0.674266140512597
0.443285144440228,0.688198395826336
1.65629617520688,2.27453059032045
0.519141038751843,1.13502219046496
-1.30351458860535,-1.30468019346065
-1.06922828239925,-1.0349610596041
1.18698092043201,1.78038002633147
0.244114329713102,1.39337154921603
0.486886754756184,1.10612947518115
1.01751162054183,1.99010006979263
1.4430898170713,2.14199789865611
-0.926424927916002,-0.0814340968700115
0.18919438532042,-0.789585121256779
-0.100716801424671,0.644441374226738
-0.673543183655867,-1.19048482680367
-0.538559451479646,-0.343232077293556
-0.750849038633097,-0.772898498525896
1.81168171668287,1.79492063341991
1.10396805740913,0.113171429951291
1.54784589672691,1.19858400219268
0.568734883251338,-0.422850164890106
0.33852139937442,0.630319123280234
0.438543515635552,0.295594541875875
-1.32866610104166,-2.21864622128497
0.390935859702338,0.0174973489567776
-0.194635361939129,1.38603106147589
1.29158729657021,0.518093643163315
0.073939242033299,-1.02129753634745
-0.462146118177015,-0.769794093469244
-0.467082634126234,-1.40795278157013
-0.360208887567712,1.08288394997591
-0.163499241755365,-0.685940187281646
-0.496661985914446,-0.981946973721522
0.72268785728537,0.882334000247686
-2.0340587184502,-2.80964718751158
1.45068563292826,3.27246099349264
1.82534428456893,0.780837842896043
0.422762897777267,-0.393620923109485
1.51219790435401,-0.80818391257
1.96679999177035,2.14470074557602
-1.84773672279501,-1.09067040952519
1.07024947196516,0.286026134437657
-1.71750234394594,-1.37528210587121
0.795665246016842,0.832058925492134
-0.730494875775802,1.21499273055112
1.01059602126772,2.45947144295284
1.54020854889135,1.25439638704923
-1.10731665632383,1.43398892083357
-0.913666732726146,-0.900846690456115
1.0508380628978,0.697397587443491
0.235041655137201,-0.605293684017679
0.130531979403643,-1.00463071378988
1.20231577789611,1.26961424532762
0.417259115828683,-1.12744876458699
-0.109065804187972,-0.370722330833
-1.13297127784298,-1.07261792680985
1.30616297638021,0.167909721780606
1.67261512306814,1.22245181762184
-0.310190507474298,-0.158678020585999
0.617583253031385,0.198135497708991
1.18982329658989,1.18109346236247
1.51970945338096,0.884600311812698
-1.47077201740635,-1.117413392984
-0.471776920059731,0.0679393855911914
-0.50253658786371,-0.463101004882113
-1.4481802268592,-0.932227051764172
-0.707354285809079,-1.4891512296649
-0.0474574097234165,-1.54262788423837
1.21058494179293,0.226180325004158
0.346766392496759,0.885718521594234
-0.424229708820596,-0.154917463697844
-0.360357564369769,-1.08804036699595
0.546118508560874,0.719271558497029
-0.284576050674374,-1.25744294212046
2.20075888198125,2.07752111197953
0.272872018162832,-0.780797244294835
-0.184203820685894,0.070216991730235
0.145454081073029,1.88417972162902
0.17731218861383,2.72695894927368
0.0259194151715779,0.311149535283405
-2.04349625525199,-0.878316741376767
-1.71823759849806,-0.73892834824433
-0.549930711102715,-0.137443493422651
-1.41499022910126,0.11367649451764
1.18174007963554,1.69715863691606
-0.656064166981297,0.279222342249696
0.357551603868054,2.16398177501733
1.24327251046501,2.74421354015895
-2.03435013132074,-2.6623059353455
-0.805118689391814,-0.675765345455624
-0.828214895788051,-2.18738022272611
-0.428438416649642,-0.806393959291149
0.501115679150187,2.24603795580416
-2.12781584274615,-0.320477537734702
-0.193614913357036,0.194109765692406
1.996750814239,0.147512008888841
1.03272878587674,0.108124652145094
0.190613034501552,-0.424585632739362
-0.00340449892795379,-1.6772999359529
-0.557052165427771,-0.501202759855385
-0.473754795506221,-0.649893712358026
-0.595582082279379,-1.0634284526059
-0.0906994724757132,0.756648550138776
-0.649600947201236,-1.55568248992646
-0.623602495185114,-0.438402310932937
-0.264005212543659,0.0919237559538911
2.20637919106517,2.28617162196197
0.185446170044701,-1.06534985144151
-0.417274700563943,-2.17367909875535
1.29849980612664,0.724565682469154
-1.06431680080815,-1.57320777815181
1.62629961328865,1.8421170452547
-0.336865607043178,1.01696410396019
-1.26977260502741,-2.04536994975054
-0.616047627339501,-0.37391822408824
0.74417319188296,0.820068577350344
-0.910717251498206,-0.829007958972225
0.586706324108835,-1.36179199087716
0.343145200649411,0.0340861197638825
-1.5674973929343,-1.87662699562685
0.995218720978624,1.54764848032686
0.0136684589380772,-1.52448955992351
0.0191672343316554,-0.547889277902497
0.807403101954429,-1.24167762504276
-0.436036429620129,-1.13961662130871
-1.23343320585378,-0.991715471875379
1.36630335910482,1.11886826896344
-0.462882529786237,0.560345511113849
2.75339025904254,2.99613450206591
-0.865047397366842,-2.42578439205428
0.853486509974837,3.33345497926824
-1.06277819213873,-0.648139766981603
0.566992956799826,-1.40548420892931
-1.68696217677937,-3.25759740348487
-1.82175618350711,-0.574403708017407
-0.256392442672541,-0.278598631813126
1.20865399666121,-0.799687206521122
2.80443694559539,1.49778314592533
0.915273812358518,1.28822277885372
-1.43380614008431,-0.181871640344207
0.314329787296308,0.12138333743651
-0.12267975504544,-1.57092493424102
0.3020686625027,0.114401698369718
0.942077300444845,-0.660688607034869
0.456084746305251,1.5652160247646
0.112899200429284,0.23937973673918
0.929635750887902,1.02490625196107
-1.54469112112864,-2.41158278776973
0.565333081979531,1.37635911388225
1.34960271569076,-0.44658006959792
-0.136635510219419,-1.9309152437386
-0.295566934602981,-0.371474895020686
0.795900896146185,1.46684372349816
-0.407523551905577,-1.52599837572048
2.01037203369905,0.776775484458093
0.664330602912821,1.55778295625285
-1.74868581288029,-1.59099499010421
-0.376513093308126,0.230558106908315
1.20760818013138,0.640226376705602
-0.285593212971406,0.425606014051304
0.546273587296959,-0.00412434979250054
0.690377169503129,0.257745263008254
-0.967105873048165,-0.616206842269242
0.361215884550588,-0.0394082745091411
-0.42075104679644,-0.855324066168681
1.52212873177482,1.16670337088232
2.36890339037108,2.61117701360773
2.18674723802456,3.36496800215868
0.0590826820177521,-0.726477386743369
-0.428462971378088,-1.76489395893862
0.381057481778482,-0.492864757717777
0.42691717152848,0.285916941323984
-0.0403136702778388,1.19477445324827
0.195293759284281,0.534982723130845
-2.38058138003189,-3.62129552352431
0.0194559019834412,-0.0847783145223641
0.168907913226802,-0.189454460829906
-0.799749869705137,-1.59766045446461
-0.0589617824856706,-1.90417704861572
-0.515395894649073,0.259648467102568
-0.806206109206008,0.158293013374604
0.680196005810091,-0.0483238226496311
-0.140295599155859,1.21372387550802
2.0062719298541,1.73499759139095
-1.02870712665414,-1.04744979065503
0.903103388845827,0.340237431283449
-0.834823374435242,-0.217350962027438
-2.17462641464463,-1.67039175144544
0.646279495788236,0.219524956279938
-0.260745584377537,-1.14312564240585
-1.27157867276506,-0.500517357511582
1.01764523849748,2.91374613371299
0.495404364150883,2.23448193648193
0.303384251943692,-1.10989062676338
0.538277425462382,-0.502529471871318
-2.45481214214644,-3.94040956369001
-1.06012937481442,-1.2256818725319
-0.104174726773842,-0.184978555813338
-0.216133448046943,0.478421730770653
1.49922758537269,2.62337133729486
-0.1369930613069,-0.432691770096911
2.15469676048689,3.13879057822379
-0.921161552284493,-1.16329377195443
0.0305533540240493,0.288018762363766
-0.890883921083379,0.89447247741719
-0.754848015141901,0.351208386051751
-1.62743579178188,-3.1254151677001
-0.79002368543873,1.20366490755513
-0.095252609018251,-0.489044673644333
0.863456482470258,-0.0739152707809757
-1.15931826339715,-0.906449571363641
0.162919947564559,1.50175269798771
0.237842272269641,2.00921190290491
1.61861309242696,0.925582569054447
0.775582128635126,0.684859039316111
1.13412436339242,1.49359098084384
0.833381368199563,2.30076032573868
1.17387137352719,1.98266262521977
-0.93455052948939,-0.894750308162212
-0.626579109181013,-1.08855169458711
1.1438242456169,0.998479589005779
-0.193230759516617,-1.22002080889556
1.00157616805392,-0.659980014157951
-0.599518195344263,-0.236379548493527
-1.11876019480206,-1.179511321682
1.68294459633777,2.19433664127183
0.336047036798081,1.05107910191811
1.20312327001104,0.708105897370621
0.373381394233044,0.726520852870588
-1.23747220602812,-2.60436710427854
2.63792678169595,1.57288997514431
0.618156171200089,-0.352334921424109
0.189109457718019,-0.477729143083719
-0.725956001947828,-0.672321153422024
0.573509545989983,1.80954895003803
0.815254389303159,1.28482611390467
-0.190950538342149,-0.798650105442996
1.16155071744069,0.982900967068416
-0.571479665292256,-0.529573758468051
-0.468394966605339,-1.25238714503583
0.72932304520216,0.414885130733431
1.48548721957705,-0.154136914469715
-0.349627307832447,0.164989621040033
-1.11589324010049,-1.23038382577896
-0.481583808189442,0.560689470784824
0.43113657323428,0.106382481620362
2.05795178842568,2.22053735253678
-0.142021440986414,-1.67203626534203
-0.0802049590501391,-0.661580418706761
-0.110880026633833,-0.00592478127268505
-0.0398244284306344,-0.592965028775337
0.200288340353348,-0.127775205453262
-2.05632396292345,-2.53345317807969
-0.119008371851631,-1.34997206259359
-0.818292874839531,-2.51783553481874
-1.49643039002108,-2.56752846928641
-0.471342304416614,0.279027761027016
-1.08835452188605,-1.98833238730275
-0.137145806712114,1.98491153385136
-0.428968112691234,-1.99516952564852
-0.00902302789515066,-0.552562014256041
1.7546281188931,1.00378973274124
-0.462870628444012,0.614294922268436
-2.78721313312051,-3.13192491600884
0.893997373385106,-0.696143758560327
0.826576190257979,0.445353122621144
0.730355424327032,0.733939417789974
0.387110591620801,-0.542250534203472
-0.299888941909148,0.452661101371226
-0.510634623061963,-1.52611633243314
0.267448756743962,-1.77042997800258
-0.658845936342618,-0.773098387826648
0.510573667927962,0.0663630712185597
0.330571308319988,0.747686548007426
2.61095168265438,2.22970232435055
-0.917653942860552,-0.752027904761264
1.667526131822,1.9132002246402
0.345048449115294,0.178717668483617
-0.198458587404813,-0.275524892103921
-1.35812094327996,-2.88632588440014
-2.03040942675211,-3.60093855413038
0.00145089691932531,-0.511128895344501
0.831513976783164,-0.617921348128944
-0.947138723478889,-0.635748184211723
0.17569546117186,0.916044008245836
-0.626819576282533,1.30532892567877
0.0399368026868074,-0.030698907488781
1.05048700739999,1.62705645089355
-0.950173453614708,-0.454856958939841
1.16862834839637,1.08365295465426
0.129116934304251,1.20387652701219
0.837794726665214,0.90773307754842
-0.188063345472581,1.35657723391901
-0.134868305720598,0.582650160518262
-0.819447296824621,-1.7448480891068
-0.426648772883541,-1.48721024871276
-1.80239720243726,-1.16394413736569
0.186827572915034,-0.739541470450982
-0.84198914349237,-2.14259344774414
-0.464411317297759,-1.97595312954543
0.482048592978914,0.971485365388799
0.576882723430182,0.0270347052626396
-0.267801618944289,-1.02791856543518
0.827273359782764,1.56117715099331
0.755086575326234,1.06443110838421
-0.905123202968792,-1.19906648939108
0.335357570177147,1.14484514471081
-0.664554185374256,-1.01568278291486
1.36952243940967,0.420752810754091
0.688059113367546,0.0998593540978524
-0.656113301271316,-0.661230466376647
-0.989138324505781,0.478630907657251
1.49854260763581,0.606326496802461
0.11775639592174,-0.336697534487333
0.219756000987916,-0.19958859714469
0.901840398044017,0.089127397748197
0.801439259224988,0.915782219554727
-1.12001499020377,-2.36204126905777
0.984880341944927,0.344109567481269
-0.978161309754474,-0.212658466517003
-1.06399809490061,0.253133657088106
-0.393930275194182,-0.725445657381106
-0.952144436051538,-1.1033771432648
-2.29069933817308,-1.53531839028992
-1.52730266267938,0.657768102052141
1.64653219083746,-0.390412551485087
-0.717572418881494,0.443534408303371
0.235627259381585,0.495017558839489
0.0320869353592327,-0.400419835634326
0.339461843008198,-0.403983113202038
1.66139222948787,0.814109812422804
0.645062836910051,1.83531583087911
-0.378188513288179,-1.13007382171549
-1.15969741718083,0.597318943002353
0.610898640188931,1.9855302934147
-1.74803092051882,-2.12490854548262
0.125914454480414,0.845649087221346
0.577064886390033,1.17236752489993
0.0481838333908424,0.483820228573905
0.502296571595957,-0.676101785714239
0.546345450107598,0.28371424755876
0.347207216522947,0.114432716870803
-2.06377733611808,-0.701443856796939
-1.06391881512482,-1.80709621223776
-0.910474069878459,-1.20476936755148
-1.7233309908123,-1.55276750170321
-0.534792685940212,-0.810669579873277
-0.0267091121994838,2.20902649793836
1.41045246817905,1.87650704749957
-1.38928172295013,-0.965929698783224
-0.892453238139358,-0.930292442973623
1.71303943129824,1.84533287547829
-0.0777179962065668,-0.375330142628982
0.338434365482907,0.296455043120912
1.26850939047621,-1.01034217244931
0.0716808543630397,2.05096135628024
-0.779678049191477,-1.32352348103202
-0.14974876563035,-0.274152070225558
0.140935840283458,2.08642548577747
-2.22939479951987,-1.6842757530097
0.176551975726556,0.000213819709556751
0.91165504030701,1.42564842880224
1.48129093850159,0.310830690573281
1.18734259665151,-0.711435027754053
0.124948350828418,0.65656497780763
-0.119895507023472,-1.86827881197838
0.2720630317508,0.261146115492046
0.98144816833838,0.612906221396828
-0.677157639331007,0.639832409104095
0.312855973789456,-0.690753896348994
-1.38871893834429,-1.11998032626357
-0.904431768483169,0.422219623580501
1.1968873450681,1.6487901921378
-1.26606867046715,-1.7905875428908
1.71967445168351,2.05673711576647
-0.423403033167243,0.887078940688541
-1.0689880199036,-0.710669324754724
-0.854841687902977,-0.515240765990266
1.63332568827691,0.733809949906356
0.68374595454535,0.686623418224732
2.3469352335217,1.89438532208356
0.667218782612056,-0.594397631004844
1.04139119384097,0.885830780080024
0.388093177165955,0.732413650754067
1.93779710587078,2.47282524888847
-1.88541897942494,-3.69792844118718
-0.247048018089626,-1.40865817274445
0.872398188352912,2.35002432380689
0.809173344742763,0.904549847120457
1.0280105511284,1.71891359657321
0.198516292349209,-1.0841018114791
1.14638239149573,1.19832526384953
-1.31610396694627,-1.79588991976846
1.03753582797085,1.4690484893292
-0.143558150104455,-0.364753829117922
-0.88357533424859,-1.89250115284895
1.58213284882375,0.433156367269933
0.0978574273328664,-1.24530663448838
0.389936424082423,1.34094783861151
-0.514786957290677,0.0955634561953819
-1.27463818217331,-2.10253011214509
-1.14174648254134,-0.704201956637803
0.611191786320884,0.479955968036744
0.457016972900651,1.03437585209543
1.18084533075124,-0.201355093067416
0.529574789198165,1.4556944827142
-0.482957081844591,-0.134539774379672
-0.379839762921426,0.128803399996355
1.76598242410991,0.90707256196711
-1.19260906239385,-2.28808996490027
-0.129009710953374,1.36490973103722
0.102002668116273,-0.0388700065228778
0.154219204700971,0.756505632847324
-1.3059150362176,0.0229130152594272
0.316933770349063,-0.729426327460581
0.172052221433105,2.85182637761841
0.78700917044353,0.559804474016507
0.873006569849713,-0.693841081937311
-0.0345082425319125,0.992396462782217
-1.49650247183764,-0.237142950346678
-0.17760009972472,-0.658861897405628
1.24019638571955,0.465498538287211
0.0715252348167504,-0.370963541387627
1.57462763863864,2.00400589242666
-0.939835712430167,-1.85125061491471
0.247474159131121,0.944130688845738
1.19514869354131,1.26863288849281
1.66377010773341,1.63850061067126
0.812553904635753,-0.634694754958881
0.726364176158538,-0.08368334698597
-1.16874094896796,-0.327281061960209
0.128740760342842,0.980784668180733
-0.257963501613051,-0.150711299194475
-1.41160781357545,-1.18222297672888
-0.148625188915646,-0.431388145674131
-0.325037194728337,0.349106326774684
-0.737178911755162,-0.543310903838474
-0.183422498288697,-0.851264448041457
-0.440812006182879,0.315385597589036
-1.47427104151077,-2.42589087385399
0.0789554517719446,0.753323544718936
-0.184321124958244,0.352556378923973
-1.29319285508808,-3.07351381441078
1.17228099515384,1.61934950620549
-0.0857032852376233,-2.4607484865733
1.71959070683262,2.37889802692984
-0.641331680998528,-1.02700137633323
-1.16796040412035,-0.398103999410678
-1.1859665095033,-1.87626313868402
0.0237587904804826,1.29328331506869
0.0730850088690473,-0.0111297442398184
1.22733155936464,0.205150991645914
0.0206096527254669,-0.715881623952427
-3.44585111140291,-3.66173660934913
0.0374098220257678,1.13111576049061
1.12856150300007,-0.385371058817244
-1.85781855901164,-1.361231855007
0.572005444285499,2.273459769074
0.345628368694452,-0.0270832944867643
-0.128886437792146,0.357636977171646
-0.00671867169849638,-1.28680195073796
0.556651499079877,0.112702882777472
-0.761482442231117,-0.313292435545043
-0.875844191808046,-1.33304612285485
-0.812866615525266,0.0938236651147832
0.0501379791471577,0.00748444083050712
-0.593784029953036,-1.21835187148601
-2.04452104152871,-2.06261615092957
-0.593308824573377,-1.2267743232139
-0.185942561323859,-0.350241904286572
1.63876535864243,2.42392016701985
-0.820956776938013,-1.5044444693359
2.09658987847511,2.45803068336775
-1.64812782978199,-1.99339620524672
0.55768439128553,0.118567221823573
-1.02277845206105,-0.841527104128015
-0.445373043667314,0.408868413548824
-0.0307346933629572,0.98188539437626
0.230836846953873,0.732058145102892
-0.221629348919608,-1.51805210218199
1.64270541500343,0.963088095680777
-0.238766613978605,0.779112964767523
0.808008145477076,-0.816041739380119
0.739694941600403,0.311350211100357
-0.955891730025787,0.0788425261699343
0.385515466207945,3.47533298645868
-1.18108212262469,-2.26594376135442
-0.198556104147156,-0.752442408678198
0.321908059945097,-2.63382503363867
0.290028296001939,-0.151708092969901
0.367652365856164,-0.305734397299535
1.44562784238466,0.727030559272949
2.12798434062731,1.76900664391368
-0.228641566054526,0.458177558331642
-2.39978095459792,-2.80898566079391
-0.0955214539838709,-1.26115267115573
-0.370235567617403,-0.0609758084732526
-0.435002307034548,-0.959757121336563
-0.0983944878729242,0.652962977211761
-1.7168767658365,-1.32749234274863
0.580133629734206,1.08112975144507
1.08926263596656,1.40937359340964
-0.0171163431771678,0.183728307782813
1.59683406922783,0.463781866603753
-0.575971065484782,0.0382879121412786
1.43145975699354,-0.501586347258073
0.216741764105613,-0.517112639430527
0.917409003064986,-0.223724767492757
1.2065241003864,2.21424055480607
-0.250565489656923,0.778719729019261
-0.886581886998976,-1.19632771142651
0.512884383467893,1.20879335636043
-0.35430636280144,-0.936545808408002
-0.591832618264718,-1.60256241532531
1.20347236203808,0.796093682604122
0.561302624641032,1.16687015237425
1.91524400473723,2.73624661642994
-2.25923816854613,-3.58863496266643
0.314320860727499,0.808289902203642
2.63906072489372,0.888069824577721
0.912975640349928,0.81688435360807
-0.0908581353656088,-0.624030317441264
-0.580547772340285,-0.395145126989971
0.560409347743142,0.380221779338413
-0.229501197249001,0.216137189308555
1.40654514923524,0.76911103044836
0.00534926325754519,0.837108891165908
0.00851264568821895,0.266112102835256
0.028620682162074,1.10166052302353
0.416968051441402,2.28966680080604
-0.459098820651235,0.475799636198628
0.730611482521644,0.345910614056725
0.349215386324995,1.66398095432087
-2.58441002168018,-4.36211698692709
0.745817082051516,1.74500914310447
1.00091145079785,1.07648923525712
0.985388984670265,0.272011662702919
0.412281794339773,-0.623152084899072
0.357644250779975,-0.160409691342282
0.663736808372653,0.618655716268952
0.790269217041738,1.26435386968782
1.08106937381546,1.85632506530439
0.531968229594709,-0.89096440853878
2.10154570561105,0.803075218445189
0.280676068574329,0.939937011165548
1.22712091425287,1.28774881826866
-0.575791331283317,-0.341836605717785
0.708842313987344,0.957049392107356
-0.893587411160961,-1.01181558729896
-0.00782879445490954,0.777393015785089
-0.328403210748301,-1.34868039289727
0.258435385626758,0.0955842365102633
1.26314836056474,1.16676978873516
-0.500504184269261,-0.991900267973344
0.366138405954283,0.0399782125079783
1.00476248903179,-0.563549585354899
0.550430614514804,1.22968983486127
0.314725090386185,0.417477788473744
-0.839633148008737,-0.103836022214151
-0.299826628082831,-0.0881192006952716
1.23452261629136,2.46130739845379
-1.06551586787113,-0.808188259147574
-0.813425481288536,-2.18500235764495
0.365012886474625,0.835266560845707
0.648126730870451,1.46864737698631
1.18055600369208,1.80441814706896
-0.0432459907025279,-1.18934200164397
-0.294475048168518,0.917078704321117
9.6903849777643e-05,0.0730414406466157
-0.652438308071881,-1.05555306028874
1.32260474864204,0.568012634949733
-0.0606833625594883,-0.592392194130646
-0.0738630787525884,0.8290310876357
-0.477740260307696,-0.0343011459729513
1.42424040408831,1.87826556504468
-0.272709762877587,-1.49039617159878
-0.621087658026398,-1.62818801352771
-0.0111090299848627,0.773727586142387
0.89810560769128,-0.634850853919333
0.771585024753765,-0.925837784437563
-1.04846321853543,-0.748708635049105
2.25502528531493,1.08827796754676
0.606438023827112,-0.0609929925017443
0.979277091737364,0.276494783027643
-0.256736133423352,-0.640339380298828
1.19666520310536,2.61789835522708
0.173182712131936,1.05736993265881
1.67481713485561,-0.553157699290794
1.66059707999246,1.98939545514311
-0.239545526721973,1.37564113432678
-0.717473765774192,-0.477920721781712
-0.253909678350912,-0.223060261743465
0.747977408437927,0.274397351383514
-1.35983501642558,-1.95494136658695
-0.224860400232764,0.954960866358165
0.476827914099443,1.4696075751454
-1.61776417804266,-2.77744231217621
-0.84892275578617,-0.221083630248928
-0.498324485590946,-0.775353252881535
0.430887847860749,0.620425520397911
-0.450032161565782,0.475725816753533
-1.24322693906021,-2.99375759348977
-0.678529822330094,-0.9893144174242
-0.71176138299224,-2.84013623907701
0.92360293924919,-0.469800571768245
0.633334830404578,-0.187762379489493
-0.551315036724378,-0.20494705456839
-0.989214692974613,0.542061181078443
0.679989310970305,0.530840244227184
0.0033088240520846,0.976007081666873
-0.66626729960517,-1.72541422076585
-0.8584391191532,-2.53141010829999
-1.66898040287417,-1.99227192233766
-0.603795442850634,0.400480229952398
0.0205355618791702,0.469519519572392
-2.29500647309733,-1.66675910954839
0.0156328823439208,-0.882145552989302
-0.111434126239131,-0.730145519181064
-0.85732418715507,0.481515068883754
0.767813595261999,-0.302910782503301
-1.75996327809665,-1.07734822612762
0.471130459041077,1.35001719319621
1.04655812334091,3.04991982069157
0.245273557723316,-0.725379042754459
2.02756411111319,2.70102139179358
-2.05074444710647,-3.60346503780679
-0.513052734686817,-1.41519650878855
-0.127699623974071,-0.0771697212321384
-0.821178129727909,-0.420877977294094
-1.01283486519748,-1.32683081702535
0.842504360214812,1.17609152709787
0.643794486871662,1.96353714375949
0.0394940954450218,0.943892513219809
-0.488011015342799,-0.878878076706705
0.216839299547449,-0.295884984751125
0.491325643767375,1.37928108435897
2.18259155745961,3.24580006271054
-0.206535861418325,0.0990283626705018
0.592300664150733,-0.360508394667817
2.33651694723034,3.65581424133501
-1.73997711083428,-2.07651285631601
-0.44071788957379,1.77073778729873
-1.4693723714784,-1.90283017751256
0.907897877639212,0.711367233434207
2.11284326666955,1.20317850185449
0.776329169253187,0.0731938424904129
0.372789938082091,2.12219521727604
-0.147423392448886,0.223664630258552
0.375119357098112,1.03056509730898
-0.336361754671286,1.68435590535745
-0.461804685043292,-1.4419743924004
-1.05126065944584,-1.2402883161065
0.254909595253203,0.6003010374758
0.0773854146433112,-0.0274585543886586
-0.508260126437472,-2.03978146130715
-0.501268258113177,-1.53143278281418
0.160020527139369,1.08173113512838
-1.3112156007562,-1.16890927073629
-0.85740675377548,-0.220073035223995
0.176019129682175,0.30198546532062
-0.341103522813476,-1.67596616112769
-0.835747557676394,-1.06205543002815
0.37475633121243,0.0274655249601362
-0.269402478227206,-0.209078145466899
-0.671144891407333,-1.90587474859379
0.245617186498839,0.635115765909514
0.495027213092492,0.0115517292920572
1.02786529361429,-0.332449701141407
-1.72782947013511,-0.413600063932843
0.374285175731546,2.04948830142851
-0.00481375465150052,1.52966832105448
0.647818637674664,0.415724774879883
1.36286327104367,0.944626916729862
-0.0862149151694072,1.05073641102715
-0.732543532710819,-0.491057373777483
1.38145310955445,0.617397765358513
0.228319348234205,1.56715888045493
-0.103696944348433,-1.42774501336263
-0.204173116489889,-1.71718623237372
-0.541131978443186,-2.12842087448857
2.00132658962084,3.91179289147464
-0.0122405266911308,0.0713545650990935
0.619147032146215,0.710684820735531
0.259178750463817,0.0678588226359893
-0.304845803053588,1.64641910755827
-1.76634244844085,-2.1925619987926
-2.11061562575357,-3.01250433017326
-0.672297489307715,-1.82923691296855
-0.145930112225502,0.649779486514368
-1.05101275438826,-2.16127297321149
0.404190882560234,2.11730273055633
0.589940013152096,1.19024551207925
0.507435391735847,-1.33516380476479
1.62589566068264,2.31128635359366
-0.344275176639261,-0.78880523304605
-1.54563434548343,0.487917550742651
1.63666696592121,0.916536886714523
0.582613306273439,0.191758092801341
-0.221749002081058,-0.639925229631373
0.102928592880405,2.25447430314056
-0.0829477419080344,0.263401235592815
-0.540988576507395,-0.629428242033999
-1.89297258527629,-1.44256634121318
-1.22642112317434,-1.65562577808803
-0.166417654067239,-1.35541393185318
1.53744139566762,0.976706486763588
-1.372516097472,-0.362959305715647
-2.22644191548921,-0.685236114352109
-0.019106693375942,-1.57507465628021
-0.233094321836211,-1.38745439761629
1.40897547320783,0.48179030409758
1.38577254619782,-1.07444916112575
1.35445459490639,2.4209595814029
2.20157761100041,-0.121805990996849
0.352770858827265,1.90340883931917
3.5563017267818,2.77808683316521
1.64867873185363,2.61424307677986
1.38500760418731,3.02339246790341
-0.728194318186513,-1.93750054332225
-0.490198418831783,-2.05555994473109
-1.06580133923588,-0.734615009849418
0.212489961911649,-0.214256881916459
-2.40842668440429,-1.34000344963957
-0.813660872627809,-1.08755220748906
0.260863332950769,0.894592832592398
1.18012313632392,0.00616756202029967
-0.722442025715601,-0.935410585163776
1.5850649922766,1.21724911527914
0.409767734122442,0.768050317119347
0.352624572560695,0.335442847567194
0.21485390109447,1.47137444166072
-0.76651825896071,0.40048873112657
-0.883448911121962,-0.538189316425834
-0.828293775726933,-1.12672876850253
0.251202829564706,0.185213301176362
-0.0859873256250806,-0.401921304728137
1.68777530764621,1.2227367384211
-0.979963268506875,-0.35355484992559
-0.256964334682693,0.0639922639298851
-0.161573669326714,-0.882586833823846
0.736502775544654,-0.275935209882108
-0.333070092635782,-0.250703067770104
-0.756282178399591,-0.642782890253109
0.77716612520067,1.5215500570986
1.39143992271114,0.0470303591987402
1.49865243492058,0.292450567607194
-1.22860733361912,-1.58518818972864
1.95243030108078,2.24655148132184
-1.29963491180923,-1.03308209645515
-1.51258427554543,-1.53484450009448
0.84999709024501,1.54365806925129
-1.58969580022698,-1.54001203101126
-0.700705410877169,-0.586707420001504
-0.704373754542674,0.137124781312323
-0.306964177829617,-0.223754288502942
-0.71493046337639,-0.399433569419534
-1.28902894651907,-0.756042177175333
0.445521822303897,0.564070034350116
-0.158580361280537,0.814354727154979
-0.0553846808941552,-0.386917101227089
0.688937646174867,1.36632199783379
-1.44355275440306,-1.7857019433739
1.10948753320648,0.254779393264415
0.48250837551041,-0.107859930816915
1.8944610168799,2.60306549771112
0.230972949531908,-1.51919257964121
-0.228420774977447,-1.6012570805018
0.326924379737784,0.9775720142287
0.980371895886726,1.51018837220043
-0.243778662837186,-0.260244585008851
-1.34446346443412,-0.98842306209271
-1.10847658672799,-1.29786506942627
-0.76030297403219,-0.00219123887217287
0.339939202644196,0.156385240407598
0.279301460426376,1.50073386469841
1.4187021398245,1.35711675386376
-0.536455372718961,-1.98713929176871
-0.63940986550219,-0.935300972315289
0.026373698399469,-1.24425720650828
-0.539830983729157,-0.641443966039037
-2.24868925295933,-3.8197112549922
-1.17526194524022,-0.493636284867057
-0.406790188289557,-0.244277847286801
-1.54457879069984,-1.95879805850944
-1.51071446634908,-2.54885650956395
0.176546274992598,0.43031302511403
-1.94360047024035,-2.25337146239738
0.437273155995698,0.0863592385028846
-0.633447744608777,-1.09605563940882
-0.441764951238569,0.745859614689332
0.745480558365064,-0.349766390469821
-1.20420605167777,-1.11612067654242
-0.596698730727237,-0.636760672953474
-1.01498281229513,-0.153605514579729
-0.838631203623181,-0.349942436523308
0.781926997915143,0.975869544745184
-0.232381474568548,0.333290412827387
-0.682442240772321,-0.718598328849
1.99699726648667,1.80481503022972
0.334198586444541,0.392468530038119
3.31194002151793,4.66030563812426
-0.0226620486092996,-1.10673166338644
-0.692608736915052,-0.512778631407108
1.42515788625221,-0.0744080906644899
0.404337667300353,7.4761421896663e-05
-2.67857932073996,-4.5942625934646
-0.361222247621572,0.86257176637711
-0.934426059341557,1.16051080032569
-0.815113311647739,-1.95483312720411
-0.216620317696264,-0.995885532717209
-0.573256740394431,-1.90349503488467
0.684300821570886,-0.539770463340001
0.796775605763166,0.377563803203544
1.55333309917316,1.23250412139627
-0.491466749408055,0.363346297182293
0.423482216806687,1.29791697443245
-0.958401703660085,-0.359439572347805
0.0262539726569382,0.160131401156611
1.73853917834199,1.3725562258911
1.05716327218501,0.442833031297002
-1.15502668395545,-0.810749638444218
-0.375564302352633,-0.59577188635858
-0.825214319143945,-1.3901095207879
0.386487541957493,0.393214754075697
0.717414930180602,1.3480802508243
0.439090919803917,1.49191407305005
-0.113171486441839,-1.20458345719979
0.587917847943706,0.851107204929771
-1.2686753292513,-0.715094578952386
-0.352144094193318,-0.625993567701964
-0.447455234308258,-0.665366778033518
1.18943393580737,1.02187089305765
-0.476293649316595,-0.473019717124122
0.204079881915265,-1.33188970580021
0.260419273515482,0.216330435385986
-1.0107711868844,-1.92078772327312
-0.515685457170375,-0.212356823407218
0.533505541035192,1.50677458667442
0.473346522588274,-0.37641299424586
0.571213437944114,1.62459117716416
1.25036576967807,0.699652326937231
0.261054206277768,0.869137501806697
-1.04049065852302,-0.588263087929374
0.22156572994262,-0.663073388081201
-0.69890168684461,0.451195744430347
-1.50714741373351,-3.47799377339212
0.320695029426079,0.493843225355307
-1.28163636123876,-0.357971841482065
-0.505892548412487,0.366552779768626
0.140183167265423,-1.30031636520484
0.28487898223703,-1.13463711312529
0.454284745479809,0.0649020446310429
-0.799777739600093,-0.35467487554164
0.48952770777756,-0.405938214259339
0.694640887945906,-0.476818917323007
0.88530986964891,0.406165073928988
-0.753603629155632,-2.53626459496626
-0.0316358284297954,-0.626280524395254
1.40048305589401,0.783019757170328
0.87667877060299,0.983250628470398
1.000569560704,2.02995548659664
0.193066287720357,0.0279261320431177
0.575644574297511,-0.00160486079801048
-1.12735794658888,-1.05007703458841
-1.40316484309588,1.81487256075609
-0.0181070105291035,-0.666779106332182
0.262386524091053,-0.100418778245818
0.77954346387889,-0.091605298952491
-0.150341406013485,-1.56198551801968
1.01500370993029,0.554769233338593
0.243804032831825,1.67594804126874
-0.350692315052852,-2.66507719773252
1.33513919330035,1.14864560124101
0.525555205269786,0.266788635461004
1.82024182651981,2.03518452906042
-0.3565707145227,-1.34535134643999
-0.374974579351789,-1.40116866427146
0.313077834979365,-0.568231497651724
0.794507406268117,0.176504775306233
-1.01845977802091,-3.10332159535796
0.682188755546694,1.42513035044405
-1.06706130797188,-2.22319393712735
0.446332090325516,0.582456278789703
0.888620914662897,0.679177263631944
0.78458373983974,-0.00258293661768327
-0.0525220030072898,2.00778325762714
-0.924481791138034,-2.07730214707769
-1.03055288670154,-0.177488720286671
1.0415677133282,0.982516636629671
-0.911327301334351,-0.570543614661955
1.25398256717181,1.41741264386752
-0.529061517449189,-1.30304640945244
-1.06631127228198,-1.12987037677587
-0.0351926996117524,2.2481844112937
0.193683337424938,-0.445786673997609
-0.596136406389074,-0.649934106232821
-1.36489433144948,-0.20668033707209
-1.37493915704258,-2.31241279660942
-1.41055853822925,-1.91833184331532
-0.908430462144041,-1.27986270089668
-2.20184923316994,-2.38046986747411
-0.316282749962844,1.36711096125197
1.50926909338915,1.25985225621415
-0.876947965449933,0.726951505782576
0.879879620579732,0.382828069578872
1.08220420887215,0.879969261698132
1.45715767257742,0.421470622118726
0.302839529772034,0.201193905751989
-1.35282599757865,-1.49878351606389
1.11600139253484,2.38266973132178
-0.611406541209137,0.22284570936538
0.683914470061045,1.55494242258411
0.77223366941557,1.37687460009163
0.327582416544257,-1.72470345157088
-0.30304824024626,-0.673206679615752
0.221837319567494,-0.989915051386826
-1.27203752898211,-2.64922570377676
-0.840346219908287,-0.0859813981962582
0.450957212987462,1.8939386796277
-1.79224769231435,-1.00871219759125
0.790268586205819,2.21143448855441
0.856424190829823,1.43333042268131
1.17122796656803,0.255625996425928
-0.708769359748903,-1.11561201605445
0.545382273579806,1.8689706792781
0.727744650879118,0.575065668726642
-0.870193606122782,-1.16934137232571
-0.640601247690975,-1.95347941017908
-0.257742930682153,1.29306925109136
0.543570082769998,0.704778264261057
-0.0732248070668154,-1.6693455541822
0.367342998759808,0.990140024492187
2.50254859899171,2.60127615467395
0.0984674891251515,-0.973981922064281
0.243033684389786,0.0203297205635942
-1.38722634760093,-1.8124556261258
0.848624713258984,2.88627741778051
0.722364686038492,2.86428751047201
-0.280760978369038,0.00861985356250278
-0.825643806005455,0.0805490257729923
-1.68089801632257,-2.01876548087844
0.358029059617546,-0.752566133621011
0.634092990420652,0.962609585667743
1.19290896059208,1.98872115890702
1.24883179491271,1.83888153635666
1.27436116729603,2.49884404658212
-0.757174892660165,-0.940045249243469
1.44488975491162,2.27802544969416
-1.36975889402563,-1.37779383214429
0.088770864777651,-0.156209959436852
1.25895349816591,1.05109359531555
0.228624931050809,0.799835559096516
0.623261191027318,0.759148064454727
-0.781308738889338,-1.03570785662213
-0.965481849408485,-1.60135950068898
-1.7086568725726,-0.313918900197276
-1.47558984403515,-2.49066820612502
-0.785518777388569,-0.0289350915090389
0.740137879559101,-0.0208732229888847
0.373391881697963,-1.20929122169411
1.84833460555959,0.0607669618211841
0.550153421143196,0.527728611389241
-0.451297155147357,-0.985225807261116
1.13258397793115,1.91418042431825
-0.514565808379971,-1.74444717449246
1.03606590110011,0.602321774648649
-0.430701765024314,-0.022374700331576
-1.10616089077907,-1.48219814786469
0.196190691831468,1.80859242006619
-0.181760860709447,1.27098356174308
-1.57540941442449,-0.0490566443531097
-0.695872593454667,-1.00209119153211
-0.976178370789187,-0.154313346699644
-1.96159745797994,-1.73826808010378
-1.66444457398877,-1.27806490590416
0.356795277928916,0.0398156747279995
0.739490119856998,-0.510647879588283
-0.747721735597691,0.432011530772868
0.67519792103343,1.45909726304474
-1.14763656759758,-1.14119229992044
-0.30087284140536,0.0650763561611608
-1.08403011497676,1.36690101957323
-1.08072162822269,-1.31628015753153
0.955964197758597,1.5264867694083
-0.70853883655186,-0.706697108828982
-1.58264110606501,-0.814197273240378
0.509464043179806,-0.256988685336393
0.351202558371516,1.25115960722252
1.08639625086378,-0.252227998467741
0.0787839483471483,-0.733276361571123
0.153596614104818,-0.307322195265761
0.636548250924575,-0.471990961582841
0.221026459944787,-0.801029978502905
1.15587889729548,1.92654006898975
-1.48185040118522,-0.745873834407912
-1.63184771218866,-1.25758113628584
-0.725637847150292,-1.0424929825666
0.805543428585397,0.395600429042745
0.767283745824564,1.70080757779397
0.281732265448531,0.936283972182522
-0.195348150262552,0.813957108995946
1.24625599357128,0.142898780515421
-2.63771115224742,-4.68713142369007
0.308974430047634,-0.916969535447524
0.145133979629962,0.239944684118623
-1.31484390804403,-1.34411597326194
-0.0384965095229431,2.34479263518458
-0.979754306096425,-1.02750564563231
0.501813144894184,2.92271071688476
0.806141448541359,1.02206596491279
1.76078288562953,1.59415177106217
-0.463435396138681,0.769160861111329
-0.255571421412751,-0.853892535612712
-0.898541975547584,-0.31309447341063
-0.0387067133039085,0.0464339256168782
-0.485599689602295,-0.471540412917637
1.56791100707093,0.377120171919803
0.949826614202893,-0.662023316932383
-0.415656215894201,0.151560795178368
0.514230815259435,1.37613985194968
0.0672408713829736,0.234672713792787
-1.23941736321151,-1.644094647146
1.05646433179897,-0.231797796330735
2.38737853712017,1.44182541192893
0.0513536464052856,-1.20287674524935
0.516734608335062,0.972696362545023
-0.175538715831336,-0.126201168617381
-0.198714951774254,0.622159824193474
0.414902542781507,0.582198317500136
0.898033953986416,0.86657232393713
-0.589839664229251,-1.78189425661521
-0.628062070016991,0.370797885757373
-0.905352668645329,-2.90106416436688
1.17018886163571,0.412656763572852
-0.486244991530612,0.128530296416031
-0.298157324754665,-1.14009718007587
-0.430747923324046,0.0621533911664345
-0.645622671163345,-0.934283213062622
-0.0453745043683435,1.39897247989738
0.271344376906788,1.22143957784913
0.969481092730852,1.06026591717661
0.533667375462917,-0.108777252637518
1.22020253688057,1.96489188678215
-1.12995228042516,-2.15130464497405
-0.944542856323886,-1.39589090782528
0.453769389624161,1.66421970322027
-0.392893821404938,-1.20411193973986
1.01955698122527,0.850468594324067
0.69853105724178,0.218165436415324
-0.756163700781111,-0.991305691446244
1.56524238614883,0.955041029099612
0.757709501508568,-0.00013666577608118
-0.823043747738463,-0.100606694723092
-0.45363851991462,0.815604894235086
0.264253558123814,0.640455563586636
-0.679838823117722,1.09415433536659
-1.24234099982796,-0.461217310775752
0.36341794614325,0.828649169051616
0.0678650553449225,0.241107834236771
0.0937051535818318,-1.51124757127197
-1.21441855309615,-2.10421948800452
0.22160878437378,-0.504994070596659
1.18088264014575,2.04904705069708
0.26360471533812,0.301922097341817
-1.1714333808171,0.157914516388386
2.01945101099382,1.66236570472149
0.347386176838331,0.37156572755106
1.10128490572201,2.1648587860313
0.781485957609112,0.700219373521716
0.500002858159109,0.0758280652759444
0.995551045419353,0.692755103534406
0.692711772966765,0.479580904481377
1.79683221188357,2.15571818393112
2.33838105522425,0.713529898369382
1.20117712585213,1.27118259415717
-1.66133668740981,-2.21295557116948
1.78371334591469,2.8374922087759
-0.131168829990142,-0.31358889070937
0.522639809632645,0.502541242958519
0.631878920618939,0.463355000758659
0.0752431012781196,-0.802708033990499
0.811740200222442,-0.778590848667432
-0.00429944853411696,1.0340711946257
0.0105037569874817,-2.18512956203568
-0.99385288162029,-1.65886464518548
-0.43753599098301,0.0682815751463016
0.690549681249214,0.648578500082457
-0.327178750922112,0.0765093067890361
-0.0449857418437859,-1.81782446810331
-0.241041442109014,-2.1404265057416
0.433228291160496,-1.64110471979089
-1.68153284417575,-1.81983348842422
0.318463791164778,0.149442763300116
0.596751334574217,1.76468259228216
0.510712179415778,1.89220431008294
-1.14753438847571,-1.12272708918666
-1.04822680316931,-1.27374887448931
-0.488574851894844,-0.724284763829459
0.162791734468419,1.15891032125436
-0.446166846069867,-0.272228615574325
0.375411550662165,-0.16081965318551
-0.858642896524657,0.162300236660917
0.807396624543908,1.42089685428789
0.34914868702835,-0.00536621459756775
-0.797029700268908,-1.60655634705332
-1.5717009173662,-3.38990987602585
-0.246146292189207,1.69280725643859
-0.917285408828322,-0.144804034881664
0.34209390810108,-0.821897279678031
0.884630958144211,0.479199238738514
-0.622674156605685,-2.44246835714775
-0.859247785057837,-0.586028760287798
0.0217995807052752,-2.39330025385396
0.927244564256949,-0.447952943915653
-0.977264822159849,0.622937201085374
-0.0760051533228684,0.0195194796667244
0.963258727496329,0.460506836800744
0.0160660324444383,-1.25609911826659
1.18262235520407,1.48598614996751
-0.292865409252497,-1.66265821665213
2.70510910073126,1.76632991771942
0.759935778927845,2.26224778826471
-0.57820921981389,-1.04340920132838
1.18810139454784,0.290535438008953
0.305614886889115,1.73831772442261
-0.274301340209374,0.257455225548368
-0.34335977420575,-0.732994138164348
0.288867645082493,1.77811816062153
0.5845185783367,0.146473344794348
0.0258094150311878,-1.03110054004747
0.175776339568041,0.873608392681823
0.478006795726938,0.561918846226708
-0.0617074337774904,0.919127838873043
0.70003512955945,-0.135626872871917
-1.13885859760664,-1.98973906592873
-0.974855224909298,1.97187902900501
0.834796050306766,-0.201287789484667
1.83596664385291,-0.0234436141097054
-0.333872147328266,0.994960970691345
1.48532059638538,2.59678214381359
-1.35181930895837,-0.688690772278749
0.696513248585914,-0.117922834372465
0.340753210699261,0.644574968076575
-0.219448847322158,-3.05046530861629
-0.675396047000624,-1.65264033916143
1.3137776438707,1.58686998599757
0.536057660015336,-0.808132449046276
0.572400988769691,-0.445172952742874
-0.857086077597547,-0.680662645388943
-0.426669878216617,-0.368840562486629
0.543909801121843,-1.11071236150723
0.747033792885107,0.715064125857272
-0.126636026114929,-0.862617937674392
-0.640786613075158,0.0318505692304054
0.669687863118463,1.48058909040397
0.859622123689857,1.1931981215549
1.33768019587504,2.1238599315457
0.110940506358859,1.05696143832846
-2.00047302890679,-1.55061442282339
-0.791902741921631,-2.21050611586538
-2.39191257794956,-2.53338536504666
1.0058230861759,2.43940730322322
1.25342702971524,1.5295232787186
1.84816833850911,0.585834764933487
-1.01648193192609,0.605927199285795
-0.386958004853761,-1.12681190356231
1.18719676223209,0.208635799718073
-0.615972397208392,-1.18271020871492
1.5733573548552,1.4120219333267
-1.13953344018839,-1.25245352313768
-0.167150030280209,-1.0808711814216
-0.822550251536029,-0.288210732732305
0.922689196435058,-1.07747508830995
-1.0002322234817,-0.957146441922396
-0.206097285434941,-0.25629803543246
0.228827929894388,1.25915929231463
-1.19641656856115,-0.982098874162057
-0.406149084949018,-1.48828485766405
-2.14929952394753,-1.91225467814979
-1.35056638992831,-1.29854053945142
0.0281889640289485,-0.141704246880886
0.273464404347789,0.808505849486123
0.608361663430808,2.05618228254916
1.37709492796625,1.86444927887075
0.144813781613453,-0.00916252092667083
-0.970126665243507,-1.09692491886937
0.0958726040737194,1.07660349602599
0.353636120032275,0.98369501803154
-1.21797073833206,0.577995901154049
1.3963007160932,1.58907820390231
-0.411260363623115,0.427828779408189
-0.893597691439097,-0.313582463813138
-1.25181225385068,-1.41544129750102
-1.25382359709967,-1.30033942153363
0.929568417703234,-0.162815611203743
0.0768611779196873,0.677856353400327
-0.0349731624893741,-1.4161157170576
0.90487913896735,0.86775076741962
1.14753745823387,0.719499410029281
0.684208699908752,0.800961239959973
0.618691229016803,1.65645103314517
-0.499673074973371,-0.477188046674366
0.465276421072329,-0.978123627913342
0.653141990660666,0.865025904321155
-0.841533300698564,-2.12815415555611
-0.104754915122513,0.855718193606634
1.40345367794611,2.45583181844711
1.04293824456912,0.136903296189168
0.818821350686074,0.958330582848904
-0.213996237910056,0.0284316783679718
-0.410030421328125,0.114982182473574
1.30734403087384,1.71329581462198
2.49146584917774,2.01304837454914
-0.928214282175037,-2.76383680675258
0.461411842603993,0.572517257102977
-0.503535641591928,0.58243505498773
1.21420770787982,-0.249053024973791
-1.11770860351234,-0.431627472089948
-0.520158691603907,0.495537616771868
1.20178624925088,1.96525095765815
-0.627655379141036,-0.128821911065725
-0.0919711646620937,0.298070597638242
0.333385567178949,1.30661371178787
0.76154032030471,-0.199330232580586
0.433073035786367,0.943044994913135
1.5614942379824,1.89764280862738
-1.59787163412647,-1.71673522350173
0.912748974057411,1.92039372901695
1.48813720894368,1.78286554976335
-0.0835363395695851,-0.0508750790835011
0.809674547403766,3.9129310633746
-0.0796529087839104,-0.571694098239404
1.0939804257476,0.366847148434933
1.27047342537721,0.188770185401864
0.629867958226311,1.26196789140375
0.608231972265565,-0.103542827261142
-1.84530749559002,-1.8616511301795
-1.46998641757,-1.17379759705967
-0.31309713120339,-0.0631448674446994
-1.3535528646259,-3.38304153841871
-0.774202996029797,0.346956132452938
0.244744109108767,-0.571438344550479
0.451751703528397,0.423792500446137
-1.85713300721563,-0.500054596020814
0.889029123705904,0.558276240840638
0.00841319867090973,-0.0395603003248282
-0.669754063881044,-1.14788573688654
-0.603552103423069,-1.19153762689721
0.165714302684117,1.82221421928156
-0.741793055317286,-2.20073863097181
-0.961292590445498,-2.43740074575349
-0.240671028671205,-0.768303008311969
1.43546657036357,1.10871896065024
-0.422414736635067,1.11919910973533
0.949866607422687,2.38411818185099
-1.47566460482967,-0.0138430465856287
-0.613176260967543,-0.608531999190963
-0.415637461653074,0.321959638176781
-0.43938738620325,-1.41897119296155
0.616734876302135,0.824016655315601
-0.146293878859832,0.570867245229777
-0.498755189740005,-0.869728970170736
0.828207010758498,-0.460595039700343
0.772994788143221,-0.318702281254993
0.834418449670731,0.495480981097491
1.15036549948166,1.86290035120117
-0.16805751757632,0.62780646964615
0.823145966243453,0.608127450052805
0.744086055955939,2.80142725682257
-0.130536028031892,-0.15167555550796
1.02214504378411,1.56911853509503
-0.0624754373244754,0.28401314463721
0.129239438702918,-0.0589865785356291
-0.567213835988005,1.20609166279833
-0.101772813532836,1.0668606075536
-0.877076753506773,1.2091044693988
-1.39829853863497,-0.77044678124591
1.89218288814961,0.207799405048736
-0.229525463102413,-1.3743421630047
0.410044389174851,0.096160229549857
1.01506994237442,-0.029019689617704
-0.572392159959849,-0.206108516213668
0.218484593260762,-0.270816273982341
-0.0121122640760234,0.8656555521228
-0.481585426924485,-0.623119189959709
-0.489896592567954,-0.994907757924699
-0.316713670695149,0.0796784314872346
-0.640723416032052,0.481332099752859
2.23543114324541,0.389550777367811
-0.489028338587079,-0.622008866446086
-0.814440169285481,-1.45977818387659
-0.36355783472195,0.680600996489984
3.13097695988115,3.79119044793804
-1.02737879583328,-0.461970268018538
-1.438682614669,-2.14071726818552
0.168851443765958,-2.05888275986621
-0.659825476338204,-2.16029039596671
-0.646385390071554,-1.88746072833029
-1.44095543992831,-3.50423139426484
1.1141891830348,0.99866074340405
0.976570246429294,1.62497533040958
-1.36294290158185,-1.26491387597256
-0.381384229289325,0.429380826821342
0.782557029665417,1.72379441949225
-0.832535106628646,0.930282251927892
0.58948954751867,1.95549955935822
0.265664227963638,-1.3531418144998
1.84003082864894,2.59281356931841
-0.225875879697813,2.13521075447244
1.07804728757266,2.3448634411172
0.378433088950215,-0.756183766739557
-0.343878062829873,-0.282442209649864
0.699501406403134,-0.0857484261745799
-0.758236195067253,-0.385045687470415
0.138311051871013,0.194752809750954
1.50894743095909,2.28290197269763
-0.118869020922526,-1.2834471530409
1.02904544526574,1.04080271839606
1.15540244617769,0.983823205732998
-0.565924140018315,0.429540052519896
1.19234811393844,0.330896305898597
-0.613821127865972,-0.988397503413911
-0.814402673608476,-1.51461172519856
0.826861995114928,-0.221959923604926
-1.47563458763446,-0.295790085234749
-1.15136187729812,0.00981107931314296
-0.809181656422232,-1.40099893008774
-1.16310422008252,-1.50716559809733
-0.195110398174347,-1.49569675731188
-1.43485598091573,-0.961799755659189
1.46669561013418,0.9160085825745
-0.457237378237397,0.91722745710454
0.037915370517915,0.214129448606115
0.110205404071138,-0.176230980541947
1.31765795270928,1.07791354024007
0.00569730982913834,-0.993976561377525
-0.862865226561401,-2.14260287260049
0.740500290887444,0.601802047532529
0.552342760991813,-0.0171225187979925
-0.669437494794856,0.596045274648737
0.396091052106174,0.132180181383072
0.831926379507503,1.36086043479919
-1.24944308208976,-2.59608374705468
1.66235347825815,1.65531692376323
-0.0794136130191046,1.46917783882317
0.32525089188614,1.06352043083891
0.554126755656278,-0.451839845995428
-1.16627481697918,-0.154391868168805
-0.657501485090225,-1.13051707869164
-0.813681545883441,-1.93483959636354
-0.678007043729963,-0.124822808471355
-1.50821873897493,-0.306037215798279
1.39475391388386,2.07861334052423
-0.926589053020986,0.334073968928601
0.207091520885078,-0.580433668290367
-0.199504768974351,-0.692147976150681
0.791881003327546,1.47889894673616
0.49148227973948,0.0309180834776292
0.558183258806226,-0.35133880541876
-1.46802738408456,-1.44794622209765
-0.421276332573737,-0.382605283648308
0.302918410226794,-1.53619569457316
-0.186530827063585,-0.160020150638571
0.844534026842346,0.553981355849536
-1.45446791317103,-1.36364212263485
-0.515306223329462,0.193771429811602
1.40863350333231,0.440993433037355
-0.252332482513311,-0.748033078991932
-0.590942599136388,-0.328931064494637
0.289936940356196,1.53288867628366
-1.37813000731603,-4.15516586858815
-0.839850309652442,1.53529864789048
0.0560896082048421,-0.35003244395053
1.11596713736502,-0.225118498128847
0.209685334160309,-1.64255131197788
0.391908338104252,0.988054395990834
-0.0518730745749251,0.37669633878601
0.705356896649075,0.818610234582269
1.15176930514286,-0.111050580888272
-0.211550245927866,-0.534886177795058
-0.374264528413147,0.691651694946675
0.798352915069117,1.71346764170497
0.274339939206889,1.46231016899516
-0.816617956343842,-2.54175889926525
0.804894846358406,0.845064251108599
0.597162203601957,-0.355032706115333
-0.951404525647335,-1.96759246363195
0.79346810674958,2.06242004822466
1.45663329639889,3.23175546210176
0.433808969504266,1.38492379185973
-0.866920668986861,-0.00223667888371981
1.76095434010944,3.21998933742623
0.154912703100297,0.227511455831044
1.07061827895242,0.565751101717757
-0.00161804779284166,2.07353528117554
-0.421668170556282,1.22118676701478
1.41413769596865,1.17201830424101
-0.260025368973624,-0.141749690368753
-0.845599420867062,-0.473490712982893
-1.09216763459089,-1.20022813567453
-0.0891346958919201,0.0313183545868632
-0.542032297279962,0.368108081439539
-1.27616747876197,-1.02229520848704
0.764271572742343,0.731405130105962
1.22732030296701,-0.538859293098262
0.984071517302711,1.92840491113803
1.26746378849883,2.2734492485415
-0.176391823733103,1.24537354316037
0.710500395998083,0.101264444149819
-0.0558224022555321,0.563382241278243
-0.156804783113249,-0.238331318031911
-0.341083828418279,1.67489012118992
1.17932726874487,0.204955290216345
-3.35857528640181,-1.72347408084685
0.583459926380613,0.320042725444793
-0.425927471767805,-0.139515751177485
1.69825288813547,-0.513258425542432
1.77798693134843,2.14026978734287
1.50703896333221,-0.104919699904604
1.10273184730826,0.0445267170033337
-0.215735811283665,-3.02264744921468
-0.368413262054651,-1.61316360201027
-0.477725374391526,-0.227424701539977
-0.114006345295826,0.57248042128556
-0.0805571008396274,1.36492577037964
-0.391458579914254,0.0767675979161145
-0.717791182981612,-0.322510274830865
0.0678333770959539,-1.47274260072114
-1.23917636418465,-1.37283905287397
-0.610641098475145,-1.56305364920253
-1.1528180152996,-0.263758897977144
-0.494971099498844,-1.50045159084904
-1.77943148078489,-0.411991794461434
0.420549604087384,1.0189054362495
-0.534108926683996,-0.0638419661320456
-1.49249048450989,-0.76439461255109
-0.289016083883544,-1.6351825905458
0.334775413632839,0.916244374322161
1.18875855306332,1.49798657278851
1.41570950998613,1.81547056627714
0.654025894646777,1.49350047223785
-0.200957459013421,-0.858406686350551
1.75514112661668,0.351662371336676
-0.0351495193822025,-0.249798479096976
-0.693783197054136,0.775009391347486
-0.943204474697328,0.203594788888259
0.0647224845868576,-1.18480800101512
1.88741826810763,2.65176784606747
-0.233733386459117,-0.245795163337643
0.0812649559894153,-0.459565168345954
1.13577177862682,0.669547031797198
0.191659617186643,1.00243569303878
1.08922259652879,0.694494705536145
-0.0491456374987317,-0.290744749657073
-1.27547573640199,-1.28913748202845
0.563190107812825,1.51942833797491
0.854064034176466,1.25432721871042
-0.278829131380209,0.906244333409356
0.849531527293597,0.353885555645088
1.01621460430838,1.46020258916872
-0.0598496816959493,1.64164891849419
-0.0464829003970456,-0.695995424036645
-0.299538146548548,-0.115099155459056
-1.62344331930077,-2.39203243496349
0.733900202431619,1.57504637158289
0.918033646986725,0.433736711687042
0.924616633924241,1.09017380510024
0.740820473985462,3.02876483457377
0.237847060085432,1.45517769489928
-0.664131184633597,0.202280397368017
-0.154646846749204,-0.883718508228691
-0.224769253380607,0.187831236124434
-0.47559357470806,-0.948627311371305
1.45841409807926,0.560596735809286
-0.343887247767512,0.516999050806788
0.123562728880184,1.78391811290325
0.218716585024323,0.0118931837869151
0.247524992120126,-0.269670275685635
0.523646581845448,0.600281380692222
0.53527935679967,1.84848204389343
1.13149960553902,0.672531108877613
-0.24573577054206,2.78759816632152
2.73017029432911,2.57132746879968
0.733404647658462,-0.807497037594341
-0.909003578910757,-0.528228707966228
